Workbook

Sheet スクリプト
A1: =マトリクス!C3 -> wget --user-agent Mozilla/4.0 http://k-db.com/indices/I101/1d/2007?download=csv -O "./日経平均株価_日足_2007.csv"; sleep 4;
A2: =マトリクス!C4 -> wget --user-agent Mozilla/4.0 http://k-db.com/indices/I102/1d/2007?download=csv -O "./TOPIX_日足_2007.csv"; sleep 4;
A3: =マトリクス!C5 -> wget --user-agent Mozilla/4.0 http://k-db.com/indices/I103/1d/2007?download=csv -O "./JPX日経インデックス400_日足_2007.csv"; sleep 4;
A4: =マトリクス!C6 -> wget --user-agent Mozilla/4.0 http://k-db.com/indices/I104/1d/2007?download=csv -O "./東証2部株価指数_日足_2007.csv"; sleep 4;
A5: =マトリクス!C7 -> wget --user-agent Mozilla/4.0 http://k-db.com/indices/I105/1d/2007?download=csv -O "./東証マザーズ指数_日足_2007.csv"; sleep 4;
A6: =マトリクス!C8 -> wget --user-agent Mozilla/4.0 http://k-db.com/indices/I111/1d/2007?download=csv -O "./TOPIX コア 30_日足_2007.csv"; sleep 4;
A7: =マトリクス!C9 -> wget --user-agent Mozilla/4.0 http://k-db.com/indices/I112/1d/2007?download=csv -O "./TOPIX ラージ 70_日足_2007.csv"; sleep 4;
A8: =マトリクス!C10 -> wget --user-agent Mozilla/4.0 http://k-db.com/indices/I113/1d/2007?download=csv -O "./TOPIX 100_日足_2007.csv"; sleep 4;
A9: =マトリクス!C11 -> wget --user-agent Mozilla/4.0 http://k-db.com/indices/I114/1d/2007?download=csv -O "./TOPIX ミッド 400_日足_2007.csv"; sleep 4;
A10: =マトリクス!C12 -> wget --user-agent Mozilla/4.0 http://k-db.com/indices/I115/1d/2007?download=csv -O "./TOPIX 500_日足_2007.csv"; sleep 4;
A11: =マトリクス!C13 -> wget --user-agent Mozilla/4.0 http://k-db.com/indices/I116/1d/2007?download=csv -O "./TOPIX スモール_日足_2007.csv"; sleep 4;
A12: =マトリクス!C14 -> wget --user-agent Mozilla/4.0 http://k-db.com/indices/I117/1d/2007?download=csv -O "./TOPIX 1000_日足_2007.csv"; sleep 4;
... A92: =マトリクス!C94 -> wget --user-agent Mozilla/4.0 http://k-db.com/indices/I306/1d/2007?download=csv -O "./日経ジャスダック平均株価_日足_2007.csv"; sleep 5;
A93: =マトリクス!D3 -> wget --user-agent Mozilla/4.0 http://k-db.com/indices/I101/1d/2008?download=csv -O "./日経平均株価_日足_2008.csv"; sleep 4;
A94: =マトリクス!D4 -> wget --user-agent Mozilla/4.0 http://k-db.com/indices/I102/1d/2008?download=csv -O "./TOPIX_日足_2008.csv"; sleep 4;
A95: =マトリクス!D5 -> wget --user-agent Mozilla/4.0 http://k-db.com/indices/I103/1d/2008?download=csv -O "./JPX日経インデックス400_日足_2008.csv"; sleep 4;
A96: =マトリクス!D6 -> wget --user-agent Mozilla/4.0 http://k-db.com/indices/I104/1d/2008?download=csv -O "./東証2部株価指数_日足_2008.csv"; sleep 4;
A97: =マトリクス!D7 -> wget --user-agent Mozilla/4.0 http://k-db.com/indices/I105/1d/2008?download=csv -O "./東証マザーズ指数_日足_2008.csv"; sleep 4;
A98: =マトリクス!D8 -> wget --user-agent Mozilla/4.0 http://k-db.com/indices/I111/1d/2008?download=csv -O "./TOPIX コア 30_日足_2008.csv"; sleep 4;
A99: =マトリクス!D9 -> wget --user-agent Mozilla/4.0 http://k-db.com/indices/I112/1d/2008?download=csv -O "./TOPIX ラージ 70_日足_2008.csv"; sleep 4;
A100: =マトリクス!D10 -> wget --user-agent Mozilla/4.0 http://k-db.com/indices/I113/1d/2008?download=csv -O "./TOPIX 100_日足_2008.csv"; sleep 4;
A101: =マトリクス!D11 -> wget --user-agent Mozilla/4.0 http://k-db.com/indices/I114/1d/2008?download=csv -O "./TOPIX ミッド 400_日足_2008.csv"; sleep 4;
A102: =マトリクス!D12 -> wget --user-agent Mozilla/4.0 http://k-db.com/indices/I115/1d/2008?download=csv -O "./TOPIX 500_日足_2008.csv"; sleep 4;
A103: =マトリクス!D13 -> wget --user-agent Mozilla/4.0 http://k-db.com/indices/I116/1d/2008?download=csv -O "./TOPIX スモール_日足_2008.csv"; sleep 4;
A104: =マトリクス!D14 -> wget --user-agent Mozilla/4.0 http://k-db.com/indices/I117/1d/2008?download=csv -O "./TOPIX 1000_日足_2008.csv"; sleep 4;
... A184: =マトリクス!D94 -> wget --user-agent Mozilla/4.0 http://k-db.com/indices/I306/1d/2008?download=csv -O "./日経ジャスダック平均株価_日足_2008.csv"; sleep 5;
A185: =マトリクス!E3 -> wget --user-agent Mozilla/4.0 http://k-db.com/indices/I101/1d/2009?download=csv -O "./日経平均株価_日足_2009.csv"; sleep 4;
A186: =マトリクス!E4 -> wget --user-agent Mozilla/4.0 http://k-db.com/indices/I102/1d/2009?download=csv -O "./TOPIX_日足_2009.csv"; sleep 4;
A187: =マトリクス!E5 -> wget --user-agent Mozilla/4.0 http://k-db.com/indices/I103/1d/2009?download=csv -O "./JPX日経インデックス400_日足_2009.csv"; sleep 4;
A188: =マトリクス!E6 -> wget --user-agent Mozilla/4.0 http://k-db.com/indices/I104/1d/2009?download=csv -O "./東証2部株価指数_日足_2009.csv"; sleep 4;
A189: =マトリクス!E7 -> wget --user-agent Mozilla/4.0 http://k-db.com/indices/I105/1d/2009?download=csv -O "./東証マザーズ指数_日足_2009.csv"; sleep 4;
A190: =マトリクス!E8 -> wget --user-agent Mozilla/4.0 http://k-db.com/indices/I111/1d/2009?download=csv -O "./TOPIX コア 30_日足_2009.csv"; sleep 4;
A191: =マトリクス!E9 -> wget --user-agent Mozilla/4.0 http://k-db.com/indices/I112/1d/2009?download=csv -O "./TOPIX ラージ 70_日足_2009.csv"; sleep 4;
A192: =マトリクス!E10 -> wget --user-agent Mozilla/4.0 http://k-db.com/indices/I113/1d/2009?download=csv -O "./TOPIX 100_日足_2009.csv"; sleep 4;
A193: =マトリクス!E11 -> wget --user-agent Mozilla/4.0 http://k-db.com/indices/I114/1d/2009?download=csv -O "./TOPIX ミッド 400_日足_2009.csv"; sleep 4;
A194: =マトリクス!E12 -> wget --user-agent Mozilla/4.0 http://k-db.com/indices/I115/1d/2009?download=csv -O "./TOPIX 500_日足_2009.csv"; sleep 4;
A195: =マトリクス!E13 -> wget --user-agent Mozilla/4.0 http://k-db.com/indices/I116/1d/2009?download=csv -O "./TOPIX スモール_日足_2009.csv"; sleep 4;
A196: =マトリクス!E14 -> wget --user-agent Mozilla/4.0 http://k-db.com/indices/I117/1d/2009?download=csv -O "./TOPIX 1000_日足_2009.csv"; sleep 4;
... A276: =マトリクス!E94 -> wget --user-agent Mozilla/4.0 http://k-db.com/indices/I306/1d/2009?download=csv -O "./日経ジャスダック平均株価_日足_2009.csv"; sleep 5;
A277: =マトリクス!F3 -> wget --user-agent Mozilla/4.0 http://k-db.com/indices/I101/1d/2010?download=csv -O "./日経平均株価_日足_2010.csv"; sleep 4;
A278: =マトリクス!F4 -> wget --user-agent Mozilla/4.0 http://k-db.com/indices/I102/1d/2010?download=csv -O "./TOPIX_日足_2010.csv"; sleep 4;
A279: =マトリクス!F5 -> wget --user-agent Mozilla/4.0 http://k-db.com/indices/I103/1d/2010?download=csv -O "./JPX日経インデックス400_日足_2010.csv"; sleep 4;
A280: =マトリクス!F6 -> wget --user-agent Mozilla/4.0 http://k-db.com/indices/I104/1d/2010?download=csv -O "./東証2部株価指数_日足_2010.csv"; sleep 4;
A281: =マトリクス!F7 -> wget --user-agent Mozilla/4.0 http://k-db.com/indices/I105/1d/2010?download=csv -O "./東証マザーズ指数_日足_2010.csv"; sleep 4;
A282: =マトリクス!F8 -> wget --user-agent Mozilla/4.0 http://k-db.com/indices/I111/1d/2010?download=csv -O "./TOPIX コア 30_日足_2010.csv"; sleep 4;
A283: =マトリクス!F9 -> wget --user-agent Mozilla/4.0 http://k-db.com/indices/I112/1d/2010?download=csv -O "./TOPIX ラージ 70_日足_2010.csv"; sleep 4;
A284: =マトリクス!F10 -> wget --user-agent Mozilla/4.0 http://k-db.com/indices/I113/1d/2010?download=csv -O "./TOPIX 100_日足_2010.csv"; sleep 4;
A285: =マトリクス!F11 -> wget --user-agent Mozilla/4.0 http://k-db.com/indices/I114/1d/2010?download=csv -O "./TOPIX ミッド 400_日足_2010.csv"; sleep 4;
A286: =マトリクス!F12 -> wget --user-agent Mozilla/4.0 http://k-db.com/indices/I115/1d/2010?download=csv -O "./TOPIX 500_日足_2010.csv"; sleep 4;
A287: =マトリクス!F13 -> wget --user-agent Mozilla/4.0 http://k-db.com/indices/I116/1d/2010?download=csv -O "./TOPIX スモール_日足_2010.csv"; sleep 4;
A288: =マトリクス!F14 -> wget --user-agent Mozilla/4.0 http://k-db.com/indices/I117/1d/2010?download=csv -O "./TOPIX 1000_日足_2010.csv"; sleep 4;
... A368: =マトリクス!F94 -> wget --user-agent Mozilla/4.0 http://k-db.com/indices/I306/1d/2010?download=csv -O "./日経ジャスダック平均株価_日足_2010.csv"; sleep 5;
A369: =マトリクス!G3 -> wget --user-agent Mozilla/4.0 http://k-db.com/indices/I101/1d/2011?download=csv -O "./日経平均株価_日足_2011.csv"; sleep 4;
A370: =マトリクス!G4 -> wget --user-agent Mozilla/4.0 http://k-db.com/indices/I102/1d/2011?download=csv -O "./TOPIX_日足_2011.csv"; sleep 4;
A371: =マトリクス!G5 -> wget --user-agent Mozilla/4.0 http://k-db.com/indices/I103/1d/2011?download=csv -O "./JPX日経インデックス400_日足_2011.csv"; sleep 4;
A372: =マトリクス!G6 -> wget --user-agent Mozilla/4.0 http://k-db.com/indices/I104/1d/2011?download=csv -O "./東証2部株価指数_日足_2011.csv"; sleep 4;
A373: =マトリクス!G7 -> wget --user-agent Mozilla/4.0 http://k-db.com/indices/I105/1d/2011?download=csv -O "./東証マザーズ指数_日足_2011.csv"; sleep 4;
A374: =マトリクス!G8 -> wget --user-agent Mozilla/4.0 http://k-db.com/indices/I111/1d/2011?download=csv -O "./TOPIX コア 30_日足_2011.csv"; sleep 4;
A375: =マトリクス!G9 -> wget --user-agent Mozilla/4.0 http://k-db.com/indices/I112/1d/2011?download=csv -O "./TOPIX ラージ 70_日足_2011.csv"; sleep 4;
A376: =マトリクス!G10 -> wget --user-agent Mozilla/4.0 http://k-db.com/indices/I113/1d/2011?download=csv -O "./TOPIX 100_日足_2011.csv"; sleep 4;
A377: =マトリクス!G11 -> wget --user-agent Mozilla/4.0 http://k-db.com/indices/I114/1d/2011?download=csv -O "./TOPIX ミッド 400_日足_2011.csv"; sleep 4;
A378: =マトリクス!G12 -> wget --user-agent Mozilla/4.0 http://k-db.com/indices/I115/1d/2011?download=csv -O "./TOPIX 500_日足_2011.csv"; sleep 4;
A379: =マトリクス!G13 -> wget --user-agent Mozilla/4.0 http://k-db.com/indices/I116/1d/2011?download=csv -O "./TOPIX スモール_日足_2011.csv"; sleep 4;
A380: =マトリクス!G14 -> wget --user-agent Mozilla/4.0 http://k-db.com/indices/I117/1d/2011?download=csv -O "./TOPIX 1000_日足_2011.csv"; sleep 4;
... A460: =マトリクス!G94 -> wget --user-agent Mozilla/4.0 http://k-db.com/indices/I306/1d/2011?download=csv -O "./日経ジャスダック平均株価_日足_2011.csv"; sleep 5;
A461: =マトリクス!H3 -> wget --user-agent Mozilla/4.0 http://k-db.com/indices/I101/1d/2012?download=csv -O "./日経平均株価_日足_2012.csv"; sleep 4;
A462: =マトリクス!H4 -> wget --user-agent Mozilla/4.0 http://k-db.com/indices/I102/1d/2012?download=csv -O "./TOPIX_日足_2012.csv"; sleep 4;
A463: =マトリクス!H5 -> wget --user-agent Mozilla/4.0 http://k-db.com/indices/I103/1d/2012?download=csv -O "./JPX日経インデックス400_日足_2012.csv"; sleep 4;
A464: =マトリクス!H6 -> wget --user-agent Mozilla/4.0 http://k-db.com/indices/I104/1d/2012?download=csv -O "./東証2部株価指数_日足_2012.csv"; sleep 4;
A465: =マトリクス!H7 -> wget --user-agent Mozilla/4.0 http://k-db.com/indices/I105/1d/2012?download=csv -O "./東証マザーズ指数_日足_2012.csv"; sleep 4;
A466: =マトリクス!H8 -> wget --user-agent Mozilla/4.0 http://k-db.com/indices/I111/1d/2012?download=csv -O "./TOPIX コア 30_日足_2012.csv"; sleep 4;
A467: =マトリクス!H9 -> wget --user-agent Mozilla/4.0 http://k-db.com/indices/I112/1d/2012?download=csv -O "./TOPIX ラージ 70_日足_2012.csv"; sleep 4;
A468: =マトリクス!H10 -> wget --user-agent Mozilla/4.0 http://k-db.com/indices/I113/1d/2012?download=csv -O "./TOPIX 100_日足_2012.csv"; sleep 4;
A469: =マトリクス!H11 -> wget --user-agent Mozilla/4.0 http://k-db.com/indices/I114/1d/2012?download=csv -O "./TOPIX ミッド 400_日足_2012.csv"; sleep 4;
A470: =マトリクス!H12 -> wget --user-agent Mozilla/4.0 http://k-db.com/indices/I115/1d/2012?download=csv -O "./TOPIX 500_日足_2012.csv"; sleep 4;
A471: =マトリクス!H13 -> wget --user-agent Mozilla/4.0 http://k-db.com/indices/I116/1d/2012?download=csv -O "./TOPIX スモール_日足_2012.csv"; sleep 4;
A472: =マトリクス!H14 -> wget --user-agent Mozilla/4.0 http://k-db.com/indices/I117/1d/2012?download=csv -O "./TOPIX 1000_日足_2012.csv"; sleep 4;
... A552: =マトリクス!H94 -> wget --user-agent Mozilla/4.0 http://k-db.com/indices/I306/1d/2012?download=csv -O "./日経ジャスダック平均株価_日足_2012.csv"; sleep 5;
A553: =マトリクス!I3 -> wget --user-agent Mozilla/4.0 http://k-db.com/indices/I101/1d/2013?download=csv -O "./日経平均株価_日足_2013.csv"; sleep 4;
A554: =マトリクス!I4 -> wget --user-agent Mozilla/4.0 http://k-db.com/indices/I102/1d/2013?download=csv -O "./TOPIX_日足_2013.csv"; sleep 4;
A555: =マトリクス!I5 -> wget --user-agent Mozilla/4.0 http://k-db.com/indices/I103/1d/2013?download=csv -O "./JPX日経インデックス400_日足_2013.csv"; sleep 4;
A556: =マトリクス!I6 -> wget --user-agent Mozilla/4.0 http://k-db.com/indices/I104/1d/2013?download=csv -O "./東証2部株価指数_日足_2013.csv"; sleep 4;
A557: =マトリクス!I7 -> wget --user-agent Mozilla/4.0 http://k-db.com/indices/I105/1d/2013?download=csv -O "./東証マザーズ指数_日足_2013.csv"; sleep 4;
A558: =マトリクス!I8 -> wget --user-agent Mozilla/4.0 http://k-db.com/indices/I111/1d/2013?download=csv -O "./TOPIX コア 30_日足_2013.csv"; sleep 4;
A559: =マトリクス!I9 -> wget --user-agent Mozilla/4.0 http://k-db.com/indices/I112/1d/2013?download=csv -O "./TOPIX ラージ 70_日足_2013.csv"; sleep 4;
A560: =マトリクス!I10 -> wget --user-agent Mozilla/4.0 http://k-db.com/indices/I113/1d/2013?download=csv -O "./TOPIX 100_日足_2013.csv"; sleep 4;
A561: =マトリクス!I11 -> wget --user-agent Mozilla/4.0 http://k-db.com/indices/I114/1d/2013?download=csv -O "./TOPIX ミッド 400_日足_2013.csv"; sleep 4;
A562: =マトリクス!I12 -> wget --user-agent Mozilla/4.0 http://k-db.com/indices/I115/1d/2013?download=csv -O "./TOPIX 500_日足_2013.csv"; sleep 4;
A563: =マトリクス!I13 -> wget --user-agent Mozilla/4.0 http://k-db.com/indices/I116/1d/2013?download=csv -O "./TOPIX スモール_日足_2013.csv"; sleep 4;
A564: =マトリクス!I14 -> wget --user-agent Mozilla/4.0 http://k-db.com/indices/I117/1d/2013?download=csv -O "./TOPIX 1000_日足_2013.csv"; sleep 4;
... A644: =マトリクス!I94 -> wget --user-agent Mozilla/4.0 http://k-db.com/indices/I306/1d/2013?download=csv -O "./日経ジャスダック平均株価_日足_2013.csv"; sleep 5;
A645: =マトリクス!J3 -> wget --user-agent Mozilla/4.0 http://k-db.com/indices/I101/1d/2014?download=csv -O "./日経平均株価_日足_2014.csv"; sleep 4;
A646: =マトリクス!J4 -> wget --user-agent Mozilla/4.0 http://k-db.com/indices/I102/1d/2014?download=csv -O "./TOPIX_日足_2014.csv"; sleep 4;
A647: =マトリクス!J5 -> wget --user-agent Mozilla/4.0 http://k-db.com/indices/I103/1d/2014?download=csv -O "./JPX日経インデックス400_日足_2014.csv"; sleep 4;
A648: =マトリクス!J6 -> wget --user-agent Mozilla/4.0 http://k-db.com/indices/I104/1d/2014?download=csv -O "./東証2部株価指数_日足_2014.csv"; sleep 4;
A649: =マトリクス!J7 -> wget --user-agent Mozilla/4.0 http://k-db.com/indices/I105/1d/2014?download=csv -O "./東証マザーズ指数_日足_2014.csv"; sleep 4;
A650: =マトリクス!J8 -> wget --user-agent Mozilla/4.0 http://k-db.com/indices/I111/1d/2014?download=csv -O "./TOPIX コア 30_日足_2014.csv"; sleep 4;
A651: =マトリクス!J9 -> wget --user-agent Mozilla/4.0 http://k-db.com/indices/I112/1d/2014?download=csv -O "./TOPIX ラージ 70_日足_2014.csv"; sleep 4;
A652: =マトリクス!J10 -> wget --user-agent Mozilla/4.0 http://k-db.com/indices/I113/1d/2014?download=csv -O "./TOPIX 100_日足_2014.csv"; sleep 4;
A653: =マトリクス!J11 -> wget --user-agent Mozilla/4.0 http://k-db.com/indices/I114/1d/2014?download=csv -O "./TOPIX ミッド 400_日足_2014.csv"; sleep 4;
...

Sheet マトリクス
A1: 銘柄 | B1: DL元ディレクトリ | C1: 日足 | N1: 前場後場
C2: 2007 | D2: 2008 | E2: 2009 | F2: 2010 | G2: 2011 | H2: 2012 | I2: 2013 | J2: 2014 | K2: 2015 | L2: 2016 | M2: 2017 | N2: 2007 | O2: 2008 | P2: 2009 | Q2: 2010 | R2: 2011 | S2: 2012 | T2: 2013 | U2: 2014 | V2: 2015 | W2: 2016 | X2: 2017
A3: 日経平均株価 | B3: /indices/I101 | C3: ="wget --user-agent Mozilla/4.0 http://k-db.com" & $B3 & "/1d/" & C$2 & "?download=csv -O ""./" & $A3 & "_" & $C$1 & "_" & C$2 & ".csv""; sleep 4;" -> wget --user-agent Mozilla/4.0 http://k-db.com/indices/I101/1d/2007?download=csv -O "./日経平均株価_日足_2007.csv"; sleep 4; | D3: ="wget --user-agent Mozilla/4.0 http://k-db.com" & $B3 & "/1d/" & D$2 & "?download=csv -O ""./" & $A3 & "_" & $C$1 & "_" & D$2 & ".csv""; sleep 4;" -> wget --user-agent Mozilla/4.0 http://k-db.com/indices/I101/1d/2008?download=csv -O "./日経平均株価_日足_2008.csv"; sleep 4; | E3: ="wget --user-agent Mozilla/4.0 http://k-db.com" & $B3 & "/1d/" & E$2 & "?download=csv -O ""./" & $A3 & "_" & $C$1 & "_" & E$2 & ".csv""; sleep 4;" -> wget --user-agent Mozilla/4.0 http://k-db.com/indices/I101/1d/2009?download=csv -O "./日経平均株価_日足_2009.csv"; sleep 4; | F3: ="wget --user-agent Mozilla/4.0 http://k-db.com" & $B3 & "/1d/" & F$2 & "?download=csv -O ""./" & $A3 & "_" & $C$1 & "_" & F$2 & ".csv""; sleep 4;" -> wget --user-agent Mozilla/4.0 http://k-db.com/indices/I101/1d/2010?download=csv -O "./日経平均株価_日足_2010.csv"; sleep 4; | G3: ="wget --user-agent Mozilla/4.0 http://k-db.com" & $B3 & "/1d/" & G$2 & "?download=csv -O ""./" & $A3 & "_" & $C$1 & "_" & G$2 & ".csv""; sleep 4;" -> wget --user-agent Mozilla/4.0 http://k-db.com/indices/I101/1d/2011?download=csv -O "./日経平均株価_日足_2011.csv"; sleep 4; | H3: ="wget --user-agent Mozilla/4.0 http://k-db.com" & $B3 & "/1d/" & H$2 & "?download=csv -O ""./" & $A3 & "_" & $C$1 & "_" & H$2 & ".csv""; sleep 4;" -> wget --user-agent Mozilla/4.0 http://k-db.com/indices/I101/1d/2012?download=csv -O "./日経平均株価_日足_2012.csv"; sleep 4; | I3: ="wget --user-agent Mozilla/4.0 http://k-db.com" & $B3 & "/1d/" & I$2 & "?download=csv -O ""./" & $A3 & "_" & $C$1 & "_" & I$2 & ".csv""; sleep 4;" -> wget --user-agent Mozilla/4.0 http://k-db.com/indices/I101/1d/2013?download=csv -O "./日経平均株価_日足_2013.csv"; sleep 4; | J3: ="wget --user-agent Mozilla/4.0 http://k-db.com" & $B3 & "/1d/" & J$2 & "?download=csv -O ""./" & $A3 & "_" & $C$1 & "_" & J$2 & ".csv""; sleep 4;" -> wget --user-agent Mozilla/4.0 http://k-db.com/indices/I101/1d/2014?download=csv -O "./日経平均株価_日足_2014.csv"; sleep 4; | ... M3: ="wget --user-agent Mozilla/4.0 http://k-db.com" & $B3 & "/1d/" & M$2 & "?download=csv -O ""./" & $A3 & "_" & $C$1 & "_" & M$2 & ".csv""; sleep 4;" -> wget --user-agent Mozilla/4.0 http://k-db.com/indices/I101/1d/2017?download=csv -O "./日経平均株価_日足_2017.csv"; sleep 4; | N3: ="wget --user-agent Mozilla/4.0 http://k-db.com" & $B3 & "/4h/" & N$2 & "?download=csv -O ""./" & $A3 & "_" & $N$1 & "_" & C$2 & ".csv""; sleep 4;" -> wget --user-agent Mozilla/4.0 http://k-db.com/indices/I101/4h/2007?download=csv -O "./日経平均株価_前場後場_2007.csv"; sleep 4; | O3: ="wget --user-agent Mozilla/4.0 http://k-db.com" & $B3 & "/4h/" & O$2 & "?download=csv -O ""./" & $A3 & "_" & $N$1 & "_" & D$2 & ".csv""; sleep 4;" -> wget --user-agent Mozilla/4.0 http://k-db.com/indices/I101/4h/2008?download=csv -O "./日経平均株価_前場後場_2008.csv"; sleep 4; | P3: ="wget --user-agent Mozilla/4.0 http://k-db.com" & $B3 & "/4h/" & P$2 & "?download=csv -O ""./" & $A3 & "_" & $N$1 & "_" & E$2 & ".csv""; sleep 4;" -> wget --user-agent Mozilla/4.0 http://k-db.com/indices/I101/4h/2009?download=csv -O "./日経平均株価_前場後場_2009.csv"; sleep 4; | Q3: ="wget --user-agent Mozilla/4.0 http://k-db.com" & $B3 & "/4h/" & Q$2 & "?download=csv -O ""./" & $A3 & "_" & $N$1 & "_" & F$2 & ".csv""; sleep 4;" -> wget --user-agent Mozilla/4.0 http://k-db.com/indices/I101/4h/2010?download=csv -O "./日経平均株価_前場後場_2010.csv"; sleep 4; | R3: ="wget --user-agent Mozilla/4.0 http://k-db.com" & $B3 & "/4h/" & R$2 & "?download=csv -O ""./" & $A3 & "_" & $N$1 & "_" & G$2 & ".csv""; sleep 4;" -> wget --user-agent Mozilla/4.0 http://k-db.com/indices/I101/4h/2011?download=csv -O "./日経平均株価_前場後場_2011.csv"; sleep 4; | S3: ="wget --user-agent Mozilla/4.0 http://k-db.com" & $B3 & "/4h/" & S$2 & "?download=csv -O ""./" & $A3 & "_" & $N$1 & "_" & H$2 & ".csv""; sleep 4;" -> wget --user-agent Mozilla/4.0 http://k-db.com/indices/I101/4h/2012?download=csv -O "./日経平均株価_前場後場_2012.csv"; sleep 4; | T3: ="wget --user-agent Mozilla/4.0 http://k-db.com" & $B3 & "/4h/" & T$2 & "?download=csv -O ""./" & $A3 & "_" & $N$1 & "_" & I$2 & ".csv""; sleep 4;" -> wget --user-agent Mozilla/4.0 http://k-db.com/indices/I101/4h/2013?download=csv -O "./日経平均株価_前場後場_2013.csv"; sleep 4; | U3: ="wget --user-agent Mozilla/4.0 http://k-db.com" & $B3 & "/4h/" & U$2 & "?download=csv -O ""./" & $A3 & "_" & $N$1 & "_" & J$2 & ".csv""; sleep 4;" -> wget --user-agent Mozilla/4.0 http://k-db.com/indices/I101/4h/2014?download=csv -O "./日経平均株価_前場後場_2014.csv"; sleep 4; | ... X3: ="wget --user-agent Mozilla/4.0 http://k-db.com" & $B3 & "/4h/" & X$2 & "?download=csv -O ""./" & $A3 & "_" & $N$1 & "_" & M$2 & ".csv""; sleep 4;" -> wget --user-agent Mozilla/4.0 http://k-db.com/indices/I101/4h/2017?download=csv -O "./日経平均株価_前場後場_2017.csv"; sleep 4;
A4: TOPIX | B4: /indices/I102 | C4: ="wget --user-agent Mozilla/4.0 http://k-db.com" & $B4 & "/1d/" & C$2 & "?download=csv -O ""./" & $A4 & "_" & $C$1 & "_" & C$2 & ".csv""; sleep 4;" -> wget --user-agent Mozilla/4.0 http://k-db.com/indices/I102/1d/2007?download=csv -O "./TOPIX_日足_2007.csv"; sleep 4; | D4: ="wget --user-agent Mozilla/4.0 http://k-db.com" & $B4 & "/1d/" & D$2 & "?download=csv -O ""./" & $A4 & "_" & $C$1 & "_" & D$2 & ".csv""; sleep 4;" -> wget --user-agent Mozilla/4.0 http://k-db.com/indices/I102/1d/2008?download=csv -O "./TOPIX_日足_2008.csv"; sleep 4; | E4: ="wget --user-agent Mozilla/4.0 http://k-db.com" & $B4 & "/1d/" & E$2 & "?download=csv -O ""./" & $A4 & "_" & $C$1 & "_" & E$2 & ".csv""; sleep 4;" -> wget --user-agent Mozilla/4.0 http://k-db.com/indices/I102/1d/2009?download=csv -O "./TOPIX_日足_2009.csv"; sleep 4; | F4: ="wget --user-agent Mozilla/4.0 http://k-db.com" & $B4 & "/1d/" & F$2 & "?download=csv -O ""./" & $A4 & "_" & $C$1 & "_" & F$2 & ".csv""; sleep 4;" -> wget --user-agent Mozilla/4.0 http://k-db.com/indices/I102/1d/2010?download=csv -O "./TOPIX_日足_2010.csv"; sleep 4; | G4: ="wget --user-agent Mozilla/4.0 http://k-db.com" & $B4 & "/1d/" & G$2 & "?download=csv -O ""./" & $A4 & "_" & $C$1 & "_" & G$2 & ".csv""; sleep 4;" -> wget --user-agent Mozilla/4.0 http://k-db.com/indices/I102/1d/2011?download=csv -O "./TOPIX_日足_2011.csv"; sleep 4; | H4: ="wget --user-agent Mozilla/4.0 http://k-db.com" & $B4 & "/1d/" & H$2 & "?download=csv -O ""./" & $A4 & "_" & $C$1 & "_" & H$2 & ".csv""; sleep 4;" -> wget --user-agent Mozilla/4.0 http://k-db.com/indices/I102/1d/2012?download=csv -O "./TOPIX_日足_2012.csv"; sleep 4; | I4: ="wget --user-agent Mozilla/4.0 http://k-db.com" & $B4 & "/1d/" & I$2 & "?download=csv -O ""./" & $A4 & "_" & $C$1 & "_" & I$2 & ".csv""; sleep 4;" -> wget --user-agent Mozilla/4.0 http://k-db.com/indices/I102/1d/2013?download=csv -O "./TOPIX_日足_2013.csv"; sleep 4; | J4: ="wget --user-agent Mozilla/4.0 http://k-db.com" & $B4 & "/1d/" & J$2 & "?download=csv -O ""./" & $A4 & "_" & $C$1 & "_" & J$2 & ".csv""; sleep 4;" -> wget --user-agent Mozilla/4.0 http://k-db.com/indices/I102/1d/2014?download=csv -O "./TOPIX_日足_2014.csv"; sleep 4; | ... M4: ="wget --user-agent Mozilla/4.0 http://k-db.com" & $B4 & "/1d/" & M$2 & "?download=csv -O ""./" & $A4 & "_" & $C$1 & "_" & M$2 & ".csv""; sleep 4;" -> wget --user-agent Mozilla/4.0 http://k-db.com/indices/I102/1d/2017?download=csv -O "./TOPIX_日足_2017.csv"; sleep 4; | N4: ="wget --user-agent Mozilla/4.0 http://k-db.com" & $B4 & "/4h/" & N$2 & "?download=csv -O ""./" & $A4 & "_" & $N$1 & "_" & C$2 & ".csv""; sleep 4;" -> wget --user-agent Mozilla/4.0 http://k-db.com/indices/I102/4h/2007?download=csv -O "./TOPIX_前場後場_2007.csv"; sleep 4; | O4: ="wget --user-agent Mozilla/4.0 http://k-db.com" & $B4 & "/4h/" & O$2 & "?download=csv -O ""./" & $A4 & "_" & $N$1 & "_" & D$2 & ".csv""; sleep 4;" -> wget --user-agent Mozilla/4.0 http://k-db.com/indices/I102/4h/2008?download=csv -O "./TOPIX_前場後場_2008.csv"; sleep 4; | P4: ="wget --user-agent Mozilla/4.0 http://k-db.com" & $B4 & "/4h/" & P$2 & "?download=csv -O ""./" & $A4 & "_" & $N$1 & "_" & E$2 & ".csv""; sleep 4;" -> wget --user-agent Mozilla/4.0 http://k-db.com/indices/I102/4h/2009?download=csv -O "./TOPIX_前場後場_2009.csv"; sleep 4; | Q4: ="wget --user-agent Mozilla/4.0 http://k-db.com" & $B4 & "/4h/" & Q$2 & "?download=csv -O ""./" & $A4 & "_" & $N$1 & "_" & F$2 & ".csv""; sleep 4;" -> wget --user-agent Mozilla/4.0 http://k-db.com/indices/I102/4h/2010?download=csv -O "./TOPIX_前場後場_2010.csv"; sleep 4; | R4: ="wget --user-agent Mozilla/4.0 http://k-db.com" & $B4 & "/4h/" & R$2 & "?download=csv -O ""./" & $A4 & "_" & $N$1 & "_" & G$2 & ".csv""; sleep 4;" -> wget --user-agent Mozilla/4.0 http://k-db.com/indices/I102/4h/2011?download=csv -O "./TOPIX_前場後場_2011.csv"; sleep 4; | S4: ="wget --user-agent Mozilla/4.0 http://k-db.com" & $B4 & "/4h/" & S$2 & "?download=csv -O ""./" & $A4 & "_" & $N$1 & "_" & H$2 & ".csv""; sleep 4;" -> wget --user-agent Mozilla/4.0 http://k-db.com/indices/I102/4h/2012?download=csv -O "./TOPIX_前場後場_2012.csv"; sleep 4; | T4: ="wget --user-agent Mozilla/4.0 http://k-db.com" & $B4 & "/4h/" & T$2 & "?download=csv -O ""./" & $A4 & "_" & $N$1 & "_" & I$2 & ".csv""; sleep 4;" -> wget --user-agent Mozilla/4.0 http://k-db.com/indices/I102/4h/2013?download=csv -O "./TOPIX_前場後場_2013.csv"; sleep 4; | U4: ="wget --user-agent Mozilla/4.0 http://k-db.com" & $B4 & "/4h/" & U$2 & "?download=csv -O ""./" & $A4 & "_" & $N$1 & "_" & J$2 & ".csv""; sleep 4;" -> wget --user-agent Mozilla/4.0 http://k-db.com/indices/I102/4h/2014?download=csv -O "./TOPIX_前場後場_2014.csv"; sleep 4; | ... X4: ="wget --user-agent Mozilla/4.0 http://k-db.com" & $B4 & "/4h/" & X$2 & "?download=csv -O ""./" & $A4 & "_" & $N$1 & "_" & M$2 & ".csv""; sleep 4;" -> wget --user-agent Mozilla/4.0 http://k-db.com/indices/I102/4h/2017?download=csv -O "./TOPIX_前場後場_2017.csv"; sleep 4;
A5: JPX日経インデックス400 | B5: /indices/I103 | C5: ="wget --user-agent Mozilla/4.0 http://k-db.com" & $B5 & "/1d/" & C$2 & "?download=csv -O ""./" & $A5 & "_" & $C$1 & "_" & C$2 & ".csv""; sleep 4;" -> wget --user-agent Mozilla/4.0 http://k-db.com/indices/I103/1d/2007?download=csv -O "./JPX日経インデックス400_日足_2007.csv"; sleep 4; | D5: ="wget --user-agent Mozilla/4.0 http://k-db.com" & $B5 & "/1d/" & D$2 & "?download=csv -O ""./" & $A5 & "_" & $C$1 & "_" & D$2 & ".csv""; sleep 4;" -> wget --user-agent Mozilla/4.0 http://k-db.com/indices/I103/1d/2008?download=csv -O "./JPX日経インデックス400_日足_2008.csv"; sleep 4; | E5: ="wget --user-agent Mozilla/4.0 http://k-db.com" & $B5 & "/1d/" & E$2 & "?download=csv -O ""./" & $A5 & "_" & $C$1 & "_" & E$2 & ".csv""; sleep 4;" -> wget --user-agent Mozilla/4.0 http://k-db.com/indices/I103/1d/2009?download=csv -O "./JPX日経インデックス400_日足_2009.csv"; sleep 4; | F5: ="wget --user-agent Mozilla/4.0 http://k-db.com" & $B5 & "/1d/" & F$2 & "?download=csv -O ""./" & $A5 & "_" & $C$1 & "_" & F$2 & ".csv""; sleep 4;" -> wget --user-agent Mozilla/4.0 http://k-db.com/indices/I103/1d/2010?download=csv -O "./JPX日経インデックス400_日足_2010.csv"; sleep 4; | G5: ="wget --user-agent Mozilla/4.0 http://k-db.com" & $B5 & "/1d/" & G$2 & "?download=csv -O ""./" & $A5 & "_" & $C$1 & "_" & G$2 & ".csv""; sleep 4;" -> wget --user-agent Mozilla/4.0 http://k-db.com/indices/I103/1d/2011?download=csv -O "./JPX日経インデックス400_日足_2011.csv"; sleep 4; | H5: ="wget --user-agent Mozilla/4.0 http://k-db.com" & $B5 & "/1d/" & H$2 & "?download=csv -O ""./" & $A5 & "_" & $C$1 & "_" & H$2 & ".csv""; sleep 4;" -> wget --user-agent Mozilla/4.0 http://k-db.com/indices/I103/1d/2012?download=csv -O "./JPX日経インデックス400_日足_2012.csv"; sleep 4; | I5: ="wget --user-agent Mozilla/4.0 http://k-db.com" & $B5 & "/1d/" & I$2 & "?download=csv -O ""./" & $A5 & "_" & $C$1 & "_" & I$2 & ".csv""; sleep 4;" -> wget --user-agent Mozilla/4.0 http://k-db.com/indices/I103/1d/2013?download=csv -O "./JPX日経インデックス400_日足_2013.csv"; sleep 4; | J5: ="wget --user-agent Mozilla/4.0 http://k-db.com" & $B5 & "/1d/" & J$2 & "?download=csv -O ""./" & $A5 & "_" & $C$1 & "_" & J$2 & ".csv""; sleep 4;" -> wget --user-agent Mozilla/4.0 http://k-db.com/indices/I103/1d/2014?download=csv -O "./JPX日経インデックス400_日足_2014.csv"; sleep 4; | ... M5: ="wget --user-agent Mozilla/4.0 http://k-db.com" & $B5 & "/1d/" & M$2 & "?download=csv -O ""./" & $A5 & "_" & $C$1 & "_" & M$2 & ".csv""; sleep 4;" -> wget --user-agent Mozilla/4.0 http://k-db.com/indices/I103/1d/2017?download=csv -O "./JPX日経インデックス400_日足_2017.csv"; sleep 4; | N5: ="wget --user-agent Mozilla/4.0 http://k-db.com" & $B5 & "/4h/" & N$2 & "?download=csv -O ""./" & $A5 & "_" & $N$1 & "_" & C$2 & ".csv""; sleep 4;" -> wget --user-agent Mozilla/4.0 http://k-db.com/indices/I103/4h/2007?download=csv -O "./JPX日経インデックス400_前場後場_2007.csv"; sleep 4; | O5: ="wget --user-agent Mozilla/4.0 http://k-db.com" & $B5 & "/4h/" & O$2 & "?download=csv -O ""./" & $A5 & "_" & $N$1 & "_" & D$2 & ".csv""; sleep 4;" -> wget --user-agent Mozilla/4.0 http://k-db.com/indices/I103/4h/2008?download=csv -O "./JPX日経インデックス400_前場後場_2008.csv"; sleep 4; | P5: ="wget --user-agent Mozilla/4.0 http://k-db.com" & $B5 & "/4h/" & P$2 & "?download=csv -O ""./" & $A5 & "_" & $N$1 & "_" & E$2 & ".csv""; sleep 4;" -> wget --user-agent Mozilla/4.0 http://k-db.com/indices/I103/4h/2009?download=csv -O "./JPX日経インデックス400_前場後場_2009.csv"; sleep 4; | Q5: ="wget --user-agent Mozilla/4.0 http://k-db.com" & $B5 & "/4h/" & Q$2 & "?download=csv -O ""./" & $A5 & "_" & $N$1 & "_" & F$2 & ".csv""; sleep 4;" -> wget --user-agent Mozilla/4.0 http://k-db.com/indices/I103/4h/2010?download=csv -O "./JPX日経インデックス400_前場後場_2010.csv"; sleep 4; | R5: ="wget --user-agent Mozilla/4.0 http://k-db.com" & $B5 & "/4h/" & R$2 & "?download=csv -O ""./" & $A5 & "_" & $N$1 & "_" & G$2 & ".csv""; sleep 4;" -> wget --user-agent Mozilla/4.0 http://k-db.com/indices/I103/4h/2011?download=csv -O "./JPX日経インデックス400_前場後場_2011.csv"; sleep 4; | S5: ="wget --user-agent Mozilla/4.0 http://k-db.com" & $B5 & "/4h/" & S$2 & "?download=csv -O ""./" & $A5 & "_" & $N$1 & "_" & H$2 & ".csv""; sleep 4;" -> wget --user-agent Mozilla/4.0 http://k-db.com/indices/I103/4h/2012?download=csv -O "./JPX日経インデックス400_前場後場_2012.csv"; sleep 4; | T5: ="wget --user-agent Mozilla/4.0 http://k-db.com" & $B5 & "/4h/" & T$2 & "?download=csv -O ""./" & $A5 & "_" & $N$1 & "_" & I$2 & ".csv""; sleep 4;" -> wget --user-agent Mozilla/4.0 http://k-db.com/indices/I103/4h/2013?download=csv -O "./JPX日経インデックス400_前場後場_2013.csv"; sleep 4; | U5: ="wget --user-agent Mozilla/4.0 http://k-db.com" & $B5 & "/4h/" & U$2 & "?download=csv -O ""./" & $A5 & "_" & $N$1 & "_" & J$2 & ".csv""; sleep 4;" -> wget --user-agent Mozilla/4.0 http://k-db.com/indices/I103/4h/2014?download=csv -O "./JPX日経インデックス400_前場後場_2014.csv"; sleep 4; | ... X5: ="wget --user-agent Mozilla/4.0 http://k-db.com" & $B5 & "/4h/" & X$2 & "?download=csv -O ""./" & $A5 & "_" & $N$1 & "_" & M$2 & ".csv""; sleep 4;" -> wget --user-agent Mozilla/4.0 http://k-db.com/indices/I103/4h/2017?download=csv -O "./JPX日経インデックス400_前場後場_2017.csv"; sleep 4;
A6: 東証2部株価指数 | B6: /indices/I104 | C6: ="wget --user-agent Mozilla/4.0 http://k-db.com" & $B6 & "/1d/" & C$2 & "?download=csv -O ""./" & $A6 & "_" & $C$1 & "_" & C$2 & ".csv""; sleep 4;" -> wget --user-agent Mozilla/4.0 http://k-db.com/indices/I104/1d/2007?download=csv -O "./東証2部株価指数_日足_2007.csv"; sleep 4; | D6: ="wget --user-agent Mozilla/4.0 http://k-db.com" & $B6 & "/1d/" & D$2 & "?download=csv -O ""./" & $A6 & "_" & $C$1 & "_" & D$2 & ".csv""; sleep 4;" -> wget --user-agent Mozilla/4.0 http://k-db.com/indices/I104/1d/2008?download=csv -O "./東証2部株価指数_日足_2008.csv"; sleep 4; | E6: ="wget --user-agent Mozilla/4.0 http://k-db.com" & $B6 & "/1d/" & E$2 & "?download=csv -O ""./" & $A6 & "_" & $C$1 & "_" & E$2 & ".csv""; sleep 4;" -> wget --user-agent Mozilla/4.0 http://k-db.com/indices/I104/1d/2009?download=csv -O "./東証2部株価指数_日足_2009.csv"; sleep 4; | F6: ="wget --user-agent Mozilla/4.0 http://k-db.com" & $B6 & "/1d/" & F$2 & "?download=csv -O ""./" & $A6 & "_" & $C$1 & "_" & F$2 & ".csv""; sleep 4;" -> wget --user-agent Mozilla/4.0 http://k-db.com/indices/I104/1d/2010?download=csv -O "./東証2部株価指数_日足_2010.csv"; sleep 4; | G6: ="wget --user-agent Mozilla/4.0 http://k-db.com" & $B6 & "/1d/" & G$2 & "?download=csv -O ""./" & $A6 & "_" & $C$1 & "_" & G$2 & ".csv""; sleep 4;" -> wget --user-agent Mozilla/4.0 http://k-db.com/indices/I104/1d/2011?download=csv -O "./東証2部株価指数_日足_2011.csv"; sleep 4; | H6: ="wget --user-agent Mozilla/4.0 http://k-db.com" & $B6 & "/1d/" & H$2 & "?download=csv -O ""./" & $A6 & "_" & $C$1 & "_" & H$2 & ".csv""; sleep 4;" -> wget --user-agent Mozilla/4.0 http://k-db.com/indices/I104/1d/2012?download=csv -O "./東証2部株価指数_日足_2012.csv"; sleep 4; | I6: ="wget --user-agent Mozilla/4.0 http://k-db.com" & $B6 & "/1d/" & I$2 & "?download=csv -O ""./" & $A6 & "_" & $C$1 & "_" & I$2 & ".csv""; sleep 4;" -> wget --user-agent Mozilla/4.0 http://k-db.com/indices/I104/1d/2013?download=csv -O "./東証2部株価指数_日足_2013.csv"; sleep 4; | J6: ="wget --user-agent Mozilla/4.0 http://k-db.com" & $B6 & "/1d/" & J$2 & "?download=csv -O ""./" & $A6 & "_" & $C$1 & "_" & J$2 & ".csv""; sleep 4;" -> wget --user-agent Mozilla/4.0 http://k-db.com/indices/I104/1d/2014?download=csv -O "./東証2部株価指数_日足_2014.csv"; sleep 4; | ... M6: ="wget --user-agent Mozilla/4.0 http://k-db.com" & $B6 & "/1d/" & M$2 & "?download=csv -O ""./" & $A6 & "_" & $C$1 & "_" & M$2 & ".csv""; sleep 4;" -> wget --user-agent Mozilla/4.0 http://k-db.com/indices/I104/1d/2017?download=csv -O "./東証2部株価指数_日足_2017.csv"; sleep 4; | N6: ="wget --user-agent Mozilla/4.0 http://k-db.com" & $B6 & "/4h/" & N$2 & "?download=csv -O ""./" & $A6 & "_" & $N$1 & "_" & C$2 & ".csv""; sleep 4;" -> wget --user-agent Mozilla/4.0 http://k-db.com/indices/I104/4h/2007?download=csv -O "./東証2部株価指数_前場後場_2007.csv"; sleep 4; | O6: ="wget --user-agent Mozilla/4.0 http://k-db.com" & $B6 & "/4h/" & O$2 & "?download=csv -O ""./" & $A6 & "_" & $N$1 & "_" & D$2 & ".csv""; sleep 4;" -> wget --user-agent Mozilla/4.0 http://k-db.com/indices/I104/4h/2008?download=csv -O "./東証2部株価指数_前場後場_2008.csv"; sleep 4; | P6: ="wget --user-agent Mozilla/4.0 http://k-db.com" & $B6 & "/4h/" & P$2 & "?download=csv -O ""./" & $A6 & "_" & $N$1 & "_" & E$2 & ".csv""; sleep 4;" -> wget --user-agent Mozilla/4.0 http://k-db.com/indices/I104/4h/2009?download=csv -O "./東証2部株価指数_前場後場_2009.csv"; sleep 4; | Q6: ="wget --user-agent Mozilla/4.0 http://k-db.com" & $B6 & "/4h/" & Q$2 & "?download=csv -O ""./" & $A6 & "_" & $N$1 & "_" & F$2 & ".csv""; sleep 4;" -> wget --user-agent Mozilla/4.0 http://k-db.com/indices/I104/4h/2010?download=csv -O "./東証2部株価指数_前場後場_2010.csv"; sleep 4; | R6: ="wget --user-agent Mozilla/4.0 http://k-db.com" & $B6 & "/4h/" & R$2 & "?download=csv -O ""./" & $A6 & "_" & $N$1 & "_" & G$2 & ".csv""; sleep 4;" -> wget --user-agent Mozilla/4.0 http://k-db.com/indices/I104/4h/2011?download=csv -O "./東証2部株価指数_前場後場_2011.csv"; sleep 4; | S6: ="wget --user-agent Mozilla/4.0 http://k-db.com" & $B6 & "/4h/" & S$2 & "?download=csv -O ""./" & $A6 & "_" & $N$1 & "_" & H$2 & ".csv""; sleep 4;" -> wget --user-agent Mozilla/4.0 http://k-db.com/indices/I104/4h/2012?download=csv -O "./東証2部株価指数_前場後場_2012.csv"; sleep 4; | T6: ="wget --user-agent Mozilla/4.0 http://k-db.com" & $B6 & "/4h/" & T$2 & "?download=csv -O ""./" & $A6 & "_" & $N$1 & "_" & I$2 & ".csv""; sleep 4;" -> wget --user-agent Mozilla/4.0 http://k-db.com/indices/I104/4h/2013?download=csv -O "./東証2部株価指数_前場後場_2013.csv"; sleep 4; | U6: ="wget --user-agent Mozilla/4.0 http://k-db.com" & $B6 & "/4h/" & U$2 & "?download=csv -O ""./" & $A6 & "_" & $N$1 & "_" & J$2 & ".csv""; sleep 4;" -> wget --user-agent Mozilla/4.0 http://k-db.com/indices/I104/4h/2014?download=csv -O "./東証2部株価指数_前場後場_2014.csv"; sleep 4; | ... X6: ="wget --user-agent Mozilla/4.0 http://k-db.com" & $B6 & "/4h/" & X$2 & "?download=csv -O ""./" & $A6 & "_" & $N$1 & "_" & M$2 & ".csv""; sleep 4;" -> wget --user-agent Mozilla/4.0 http://k-db.com/indices/I104/4h/2017?download=csv -O "./東証2部株価指数_前場後場_2017.csv"; sleep 4;
A7: 東証マザーズ指数 | B7: /indices/I105 | C7: ="wget --user-agent Mozilla/4.0 http://k-db.com" & $B7 & "/1d/" & C$2 & "?download=csv -O ""./" & $A7 & "_" & $C$1 & "_" & C$2 & ".csv""; sleep 4;" -> wget --user-agent Mozilla/4.0 http://k-db.com/indices/I105/1d/2007?download=csv -O "./東証マザーズ指数_日足_2007.csv"; sleep 4; | D7: ="wget --user-agent Mozilla/4.0 http://k-db.com" & $B7 & "/1d/" & D$2 & "?download=csv -O ""./" & $A7 & "_" & $C$1 & "_" & D$2 & ".csv""; sleep 4;" -> wget --user-agent Mozilla/4.0 http://k-db.com/indices/I105/1d/2008?download=csv -O "./東証マザーズ指数_日足_2008.csv"; sleep 4; | E7: ="wget --user-agent Mozilla/4.0 http://k-db.com" & $B7 & "/1d/" & E$2 & "?download=csv -O ""./" & $A7 & "_" & $C$1 & "_" & E$2 & ".csv""; sleep 4;" -> wget --user-agent Mozilla/4.0 http://k-db.com/indices/I105/1d/2009?download=csv -O "./東証マザーズ指数_日足_2009.csv"; sleep 4; | F7: ="wget --user-agent Mozilla/4.0 http://k-db.com" & $B7 & "/1d/" & F$2 & "?download=csv -O ""./" & $A7 & "_" & $C$1 & "_" & F$2 & ".csv""; sleep 4;" -> wget --user-agent Mozilla/4.0 http://k-db.com/indices/I105/1d/2010?download=csv -O "./東証マザーズ指数_日足_2010.csv"; sleep 4; | G7: ="wget --user-agent Mozilla/4.0 http://k-db.com" & $B7 & "/1d/" & G$2 & "?download=csv -O ""./" & $A7 & "_" & $C$1 & "_" & G$2 & ".csv""; sleep 4;" -> wget --user-agent Mozilla/4.0 http://k-db.com/indices/I105/1d/2011?download=csv -O "./東証マザーズ指数_日足_2011.csv"; sleep 4; | H7: ="wget --user-agent Mozilla/4.0 http://k-db.com" & $B7 & "/1d/" & H$2 & "?download=csv -O ""./" & $A7 & "_" & $C$1 & "_" & H$2 & ".csv""; sleep 4;" -> wget --user-agent Mozilla/4.0 http://k-db.com/indices/I105/1d/2012?download=csv -O "./東証マザーズ指数_日足_2012.csv"; sleep 4; | I7: ="wget --user-agent Mozilla/4.0 http://k-db.com" & $B7 & "/1d/" & I$2 & "?download=csv -O ""./" & $A7 & "_" & $C$1 & "_" & I$2 & ".csv""; sleep 4;" -> wget --user-agent Mozilla/4.0 http://k-db.com/indices/I105/1d/2013?download=csv -O "./東証マザーズ指数_日足_2013.csv"; sleep 4; | J7: ="wget --user-agent Mozilla/4.0 http://k-db.com" & $B7 & "/1d/" & J$2 & "?download=csv -O ""./" & $A7 & "_" & $C$1 & "_" & J$2 & ".csv""; sleep 4;" -> wget --user-agent Mozilla/4.0 http://k-db.com/indices/I105/1d/2014?download=csv -O "./東証マザーズ指数_日足_2014.csv"; sleep 4; | ... M7: ="wget --user-agent Mozilla/4.0 http://k-db.com" & $B7 & "/1d/" & M$2 & "?download=csv -O ""./" & $A7 & "_" & $C$1 & "_" & M$2 & ".csv""; sleep 4;" -> wget --user-agent Mozilla/4.0 http://k-db.com/indices/I105/1d/2017?download=csv -O "./東証マザーズ指数_日足_2017.csv"; sleep 4; | N7: ="wget --user-agent Mozilla/4.0 http://k-db.com" & $B7 & "/4h/" & N$2 & "?download=csv -O ""./" & $A7 & "_" & $N$1 & "_" & C$2 & ".csv""; sleep 4;" -> wget --user-agent Mozilla/4.0 http://k-db.com/indices/I105/4h/2007?download=csv -O "./東証マザーズ指数_前場後場_2007.csv"; sleep 4; | O7: ="wget --user-agent Mozilla/4.0 http://k-db.com" & $B7 & "/4h/" & O$2 & "?download=csv -O ""./" & $A7 & "_" & $N$1 & "_" & D$2 & ".csv""; sleep 4;" -> wget --user-agent Mozilla/4.0 http://k-db.com/indices/I105/4h/2008?download=csv -O "./東証マザーズ指数_前場後場_2008.csv"; sleep 4; | P7: ="wget --user-agent Mozilla/4.0 http://k-db.com" & $B7 & "/4h/" & P$2 & "?download=csv -O ""./" & $A7 & "_" & $N$1 & "_" & E$2 & ".csv""; sleep 4;" -> wget --user-agent Mozilla/4.0 http://k-db.com/indices/I105/4h/2009?download=csv -O "./東証マザーズ指数_前場後場_2009.csv"; sleep 4; | Q7: ="wget --user-agent Mozilla/4.0 http://k-db.com" & $B7 & "/4h/" & Q$2 & "?download=csv -O ""./" & $A7 & "_" & $N$1 & "_" & F$2 & ".csv""; sleep 4;" -> wget --user-agent Mozilla/4.0 http://k-db.com/indices/I105/4h/2010?download=csv -O "./東証マザーズ指数_前場後場_2010.csv"; sleep 4; | R7: ="wget --user-agent Mozilla/4.0 http://k-db.com" & $B7 & "/4h/" & R$2 & "?download=csv -O ""./" & $A7 & "_" & $N$1 & "_" & G$2 & ".csv""; sleep 4;" -> wget --user-agent Mozilla/4.0 http://k-db.com/indices/I105/4h/2011?download=csv -O "./東証マザーズ指数_前場後場_2011.csv"; sleep 4; | S7: ="wget --user-agent Mozilla/4.0 http://k-db.com" & $B7 & "/4h/" & S$2 & "?download=csv -O ""./" & $A7 & "_" & $N$1 & "_" & H$2 & ".csv""; sleep 4;" -> wget --user-agent Mozilla/4.0 http://k-db.com/indices/I105/4h/2012?download=csv -O "./東証マザーズ指数_前場後場_2012.csv"; sleep 4; | T7: ="wget --user-agent Mozilla/4.0 http://k-db.com" & $B7 & "/4h/" & T$2 & "?download=csv -O ""./" & $A7 & "_" & $N$1 & "_" & I$2 & ".csv""; sleep 4;" -> wget --user-agent Mozilla/4.0 http://k-db.com/indices/I105/4h/2013?download=csv -O "./東証マザーズ指数_前場後場_2013.csv"; sleep 4; | U7: ="wget --user-agent Mozilla/4.0 http://k-db.com" & $B7 & "/4h/" & U$2 & "?download=csv -O ""./" & $A7 & "_" & $N$1 & "_" & J$2 & ".csv""; sleep 4;" -> wget --user-agent Mozilla/4.0 http://k-db.com/indices/I105/4h/2014?download=csv -O "./東証マザーズ指数_前場後場_2014.csv"; sleep 4; | ... X7: ="wget --user-agent Mozilla/4.0 http://k-db.com" & $B7 & "/4h/" & X$2 & "?download=csv -O ""./" & $A7 & "_" & $N$1 & "_" & M$2 & ".csv""; sleep 4;" -> wget --user-agent Mozilla/4.0 http://k-db.com/indices/I105/4h/2017?download=csv -O "./東証マザーズ指数_前場後場_2017.csv"; sleep 4;
A8: TOPIX コア 30 | B8: /indices/I111 | C8: ="wget --user-agent Mozilla/4.0 http://k-db.com" & $B8 & "/1d/" & C$2 & "?download=csv -O ""./" & $A8 & "_" & $C$1 & "_" & C$2 & ".csv""; sleep 4;" -> wget --user-agent Mozilla/4.0 http://k-db.com/indices/I111/1d/2007?download=csv -O "./TOPIX コア 30_日足_2007.csv"; sleep 4; | D8: ="wget --user-agent Mozilla/4.0 http://k-db.com" & $B8 & "/1d/" & D$2 & "?download=csv -O ""./" & $A8 & "_" & $C$1 & "_" & D$2 & ".csv""; sleep 4;" -> wget --user-agent Mozilla/4.0 http://k-db.com/indices/I111/1d/2008?download=csv -O "./TOPIX コア 30_日足_2008.csv"; sleep 4; | E8: ="wget --user-agent Mozilla/4.0 http://k-db.com" & $B8 & "/1d/" & E$2 & "?download=csv -O ""./" & $A8 & "_" & $C$1 & "_" & E$2 & ".csv""; sleep 4;" -> wget --user-agent Mozilla/4.0 http://k-db.com/indices/I111/1d/2009?download=csv -O "./TOPIX コア 30_日足_2009.csv"; sleep 4; | F8: ="wget --user-agent Mozilla/4.0 http://k-db.com" & $B8 & "/1d/" & F$2 & "?download=csv -O ""./" & $A8 & "_" & $C$1 & "_" & F$2 & ".csv""; sleep 4;" -> wget --user-agent Mozilla/4.0 http://k-db.com/indices/I111/1d/2010?download=csv -O "./TOPIX コア 30_日足_2010.csv"; sleep 4; | G8: ="wget --user-agent Mozilla/4.0 http://k-db.com" & $B8 & "/1d/" & G$2 & "?download=csv -O ""./" & $A8 & "_" & $C$1 & "_" & G$2 & ".csv""; sleep 4;" -> wget --user-agent Mozilla/4.0 http://k-db.com/indices/I111/1d/2011?download=csv -O "./TOPIX コア 30_日足_2011.csv"; sleep 4; | H8: ="wget --user-agent Mozilla/4.0 http://k-db.com" & $B8 & "/1d/" & H$2 & "?download=csv -O ""./" & $A8 & "_" & $C$1 & "_" & H$2 & ".csv""; sleep 4;" -> wget --user-agent Mozilla/4.0 http://k-db.com/indices/I111/1d/2012?download=csv -O "./TOPIX コア 30_日足_2012.csv"; sleep 4; | I8: ="wget --user-agent Mozilla/4.0 http://k-db.com" & $B8 & "/1d/" & I$2 & "?download=csv -O ""./" & $A8 & "_" & $C$1 & "_" & I$2 & ".csv""; sleep 4;" -> wget --user-agent Mozilla/4.0 http://k-db.com/indices/I111/1d/2013?download=csv -O "./TOPIX コア 30_日足_2013.csv"; sleep 4; | J8: ="wget --user-agent Mozilla/4.0 http://k-db.com" & $B8 & "/1d/" & J$2 & "?download=csv -O ""./" & $A8 & "_" & $C$1 & "_" & J$2 & ".csv""; sleep 4;" -> wget --user-agent Mozilla/4.0 http://k-db.com/indices/I111/1d/2014?download=csv -O "./TOPIX コア 30_日足_2014.csv"; sleep 4; | ... M8: ="wget --user-agent Mozilla/4.0 http://k-db.com" & $B8 & "/1d/" & M$2 & "?download=csv -O ""./" & $A8 & "_" & $C$1 & "_" & M$2 & ".csv""; sleep 4;" -> wget --user-agent Mozilla/4.0 http://k-db.com/indices/I111/1d/2017?download=csv -O "./TOPIX コア 30_日足_2017.csv"; sleep 4; | N8: ="wget --user-agent Mozilla/4.0 http://k-db.com" & $B8 & "/4h/" & N$2 & "?download=csv -O ""./" & $A8 & "_" & $N$1 & "_" & C$2 & ".csv""; sleep 4;" -> wget --user-agent Mozilla/4.0 http://k-db.com/indices/I111/4h/2007?download=csv -O "./TOPIX コア 30_前場後場_2007.csv"; sleep 4; | O8: ="wget --user-agent Mozilla/4.0 http://k-db.com" & $B8 & "/4h/" & O$2 & "?download=csv -O ""./" & $A8 & "_" & $N$1 & "_" & D$2 & ".csv""; sleep 4;" -> wget --user-agent Mozilla/4.0 http://k-db.com/indices/I111/4h/2008?download=csv -O "./TOPIX コア 30_前場後場_2008.csv"; sleep 4; | P8: ="wget --user-agent Mozilla/4.0 http://k-db.com" & $B8 & "/4h/" & P$2 & "?download=csv -O ""./" & $A8 & "_" & $N$1 & "_" & E$2 & ".csv""; sleep 4;" -> wget --user-agent Mozilla/4.0 http://k-db.com/indices/I111/4h/2009?download=csv -O "./TOPIX コア 30_前場後場_2009.csv"; sleep 4; | Q8: ="wget --user-agent Mozilla/4.0 http://k-db.com" & $B8 & "/4h/" & Q$2 & "?download=csv -O ""./" & $A8 & "_" & $N$1 & "_" & F$2 & ".csv""; sleep 4;" -> wget --user-agent Mozilla/4.0 http://k-db.com/indices/I111/4h/2010?download=csv -O "./TOPIX コア 30_前場後場_2010.csv"; sleep 4; | R8: ="wget --user-agent Mozilla/4.0 http://k-db.com" & $B8 & "/4h/" & R$2 & "?download=csv -O ""./" & $A8 & "_" & $N$1 & "_" & G$2 & ".csv""; sleep 4;" -> wget --user-agent Mozilla/4.0 http://k-db.com/indices/I111/4h/2011?download=csv -O "./TOPIX コア 30_前場後場_2011.csv"; sleep 4; | S8: ="wget --user-agent Mozilla/4.0 http://k-db.com" & $B8 & "/4h/" & S$2 & "?download=csv -O ""./" & $A8 & "_" & $N$1 & "_" & H$2 & ".csv""; sleep 4;" -> wget --user-agent Mozilla/4.0 http://k-db.com/indices/I111/4h/2012?download=csv -O "./TOPIX コア 30_前場後場_2012.csv"; sleep 4; | T8: ="wget --user-agent Mozilla/4.0 http://k-db.com" & $B8 & "/4h/" & T$2 & "?download=csv -O ""./" & $A8 & "_" & $N$1 & "_" & I$2 & ".csv""; sleep 4;" -> wget --user-agent Mozilla/4.0 http://k-db.com/indices/I111/4h/2013?download=csv -O "./TOPIX コア 30_前場後場_2013.csv"; sleep 4; | U8: ="wget --user-agent Mozilla/4.0 http://k-db.com" & $B8 & "/4h/" & U$2 & "?download=csv -O ""./" & $A8 & "_" & $N$1 & "_" & J$2 & ".csv""; sleep 4;" -> wget --user-agent Mozilla/4.0 http://k-db.com/indices/I111/4h/2014?download=csv -O "./TOPIX コア 30_前場後場_2014.csv"; sleep 4; | ... X8: ="wget --user-agent Mozilla/4.0 http://k-db.com" & $B8 & "/4h/" & X$2 & "?download=csv -O ""./" & $A8 & "_" & $N$1 & "_" & M$2 & ".csv""; sleep 4;" -> wget --user-agent Mozilla/4.0 http://k-db.com/indices/I111/4h/2017?download=csv -O "./TOPIX コア 30_前場後場_2017.csv"; sleep 4;
A9: TOPIX ラージ 70 | B9: /indices/I112 | C9: ="wget --user-agent Mozilla/4.0 http://k-db.com" & $B9 & "/1d/" & C$2 & "?download=csv -O ""./" & $A9 & "_" & $C$1 & "_" & C$2 & ".csv""; sleep 4;" -> wget --user-agent Mozilla/4.0 http://k-db.com/indices/I112/1d/2007?download=csv -O "./TOPIX ラージ 70_日足_2007.csv"; sleep 4; | D9: ="wget --user-agent Mozilla/4.0 http://k-db.com" & $B9 & "/1d/" & D$2 & "?download=csv -O ""./" & $A9 & "_" & $C$1 & "_" & D$2 & ".csv""; sleep 4;" -> wget --user-agent Mozilla/4.0 http://k-db.com/indices/I112/1d/2008?download=csv -O "./TOPIX ラージ 70_日足_2008.csv"; sleep 4; | E9: ="wget --user-agent Mozilla/4.0 http://k-db.com" & $B9 & "/1d/" & E$2 & "?download=csv -O ""./" & $A9 & "_" & $C$1 & "_" & E$2 & ".csv""; sleep 4;" -> wget --user-agent Mozilla/4.0 http://k-db.com/indices/I112/1d/2009?download=csv -O "./TOPIX ラージ 70_日足_2009.csv"; sleep 4; | F9: ="wget --user-agent Mozilla/4.0 http://k-db.com" & $B9 & "/1d/" & F$2 & "?download=csv -O ""./" & $A9 & "_" & $C$1 & "_" & F$2 & ".csv""; sleep 4;" -> wget --user-agent Mozilla/4.0 http://k-db.com/indices/I112/1d/2010?download=csv -O "./TOPIX ラージ 70_日足_2010.csv"; sleep 4; | G9: ="wget --user-agent Mozilla/4.0 http://k-db.com" & $B9 & "/1d/" & G$2 & "?download=csv -O ""./" & $A9 & "_" & $C$1 & "_" & G$2 & ".csv""; sleep 4;" -> wget --user-agent Mozilla/4.0 http://k-db.com/indices/I112/1d/2011?download=csv -O "./TOPIX ラージ 70_日足_2011.csv"; sleep 4; | H9: ="wget --user-agent Mozilla/4.0 http://k-db.com" & $B9 & "/1d/" & H$2 & "?download=csv -O ""./" & $A9 & "_" & $C$1 & "_" & H$2 & ".csv""; sleep 4;" -> wget --user-agent Mozilla/4.0 http://k-db.com/indices/I112/1d/2012?download=csv -O "./TOPIX ラージ 70_日足_2012.csv"; sleep 4; | I9: ="wget --user-agent Mozilla/4.0 http://k-db.com" & $B9 & "/1d/" & I$2 & "?download=csv -O ""./" & $A9 & "_" & $C$1 & "_" & I$2 & ".csv""; sleep 4;" -> wget --user-agent Mozilla/4.0 http://k-db.com/indices/I112/1d/2013?download=csv -O "./TOPIX ラージ 70_日足_2013.csv"; sleep 4; | J9: ="wget --user-agent Mozilla/4.0 http://k-db.com" & $B9 & "/1d/" & J$2 & "?download=csv -O ""./" & $A9 & "_" & $C$1 & "_" & J$2 & ".csv""; sleep 4;" -> wget --user-agent Mozilla/4.0 http://k-db.com/indices/I112/1d/2014?download=csv -O "./TOPIX ラージ 70_日足_2014.csv"; sleep 4; | ... M9: ="wget --user-agent Mozilla/4.0 http://k-db.com" & $B9 & "/1d/" & M$2 & "?download=csv -O ""./" & $A9 & "_" & $C$1 & "_" & M$2 & ".csv""; sleep 4;" -> wget --user-agent Mozilla/4.0 http://k-db.com/indices/I112/1d/2017?download=csv -O "./TOPIX ラージ 70_日足_2017.csv"; sleep 4; | N9: ="wget --user-agent Mozilla/4.0 http://k-db.com" & $B9 & "/4h/" & N$2 & "?download=csv -O ""./" & $A9 & "_" & $N$1 & "_" & C$2 & ".csv""; sleep 4;" -> wget --user-agent Mozilla/4.0 http://k-db.com/indices/I112/4h/2007?download=csv -O "./TOPIX ラージ 70_前場後場_2007.csv"; sleep 4; | O9: ="wget --user-agent Mozilla/4.0 http://k-db.com" & $B9 & "/4h/" & O$2 & "?download=csv -O ""./" & $A9 & "_" & $N$1 & "_" & D$2 & ".csv""; sleep 4;" -> wget --user-agent Mozilla/4.0 http://k-db.com/indices/I112/4h/2008?download=csv -O "./TOPIX ラージ 70_前場後場_2008.csv"; sleep 4; | P9: ="wget --user-agent Mozilla/4.0 http://k-db.com" & $B9 & "/4h/" & P$2 & "?download=csv -O ""./" & $A9 & "_" & $N$1 & "_" & E$2 & ".csv""; sleep 4;" -> wget --user-agent Mozilla/4.0 http://k-db.com/indices/I112/4h/2009?download=csv -O "./TOPIX ラージ 70_前場後場_2009.csv"; sleep 4; | Q9: ="wget --user-agent Mozilla/4.0 http://k-db.com" & $B9 & "/4h/" & Q$2 & "?download=csv -O ""./" & $A9 & "_" & $N$1 & "_" & F$2 & ".csv""; sleep 4;" -> wget --user-agent Mozilla/4.0 http://k-db.com/indices/I112/4h/2010?download=csv -O "./TOPIX ラージ 70_前場後場_2010.csv"; sleep 4; | R9: ="wget --user-agent Mozilla/4.0 http://k-db.com" & $B9 & "/4h/" & R$2 & "?download=csv -O ""./" & $A9 & "_" & $N$1 & "_" & G$2 & ".csv""; sleep 4;" -> wget --user-agent Mozilla/4.0 http://k-db.com/indices/I112/4h/2011?download=csv -O "./TOPIX ラージ 70_前場後場_2011.csv"; sleep 4; | S9: ="wget --user-agent Mozilla/4.0 http://k-db.com" & $B9 & "/4h/" & S$2 & "?download=csv -O ""./" & $A9 & "_" & $N$1 & "_" & H$2 & ".csv""; sleep 4;" -> wget --user-agent Mozilla/4.0 http://k-db.com/indices/I112/4h/2012?download=csv -O "./TOPIX ラージ 70_前場後場_2012.csv"; sleep 4; | T9: ="wget --user-agent Mozilla/4.0 http://k-db.com" & $B9 & "/4h/" & T$2 & "?download=csv -O ""./" & $A9 & "_" & $N$1 & "_" & I$2 & ".csv""; sleep 4;" -> wget --user-agent Mozilla/4.0 http://k-db.com/indices/I112/4h/2013?download=csv -O "./TOPIX ラージ 70_前場後場_2013.csv"; sleep 4; | U9: ="wget --user-agent Mozilla/4.0 http://k-db.com" & $B9 & "/4h/" & U$2 & "?download=csv -O ""./" & $A9 & "_" & $N$1 & "_" & J$2 & ".csv""; sleep 4;" -> wget --user-agent Mozilla/4.0 http://k-db.com/indices/I112/4h/2014?download=csv -O "./TOPIX ラージ 70_前場後場_2014.csv"; sleep 4; | ... X9: ="wget --user-agent Mozilla/4.0 http://k-db.com" & $B9 & "/4h/" & X$2 & "?download=csv -O ""./" & $A9 & "_" & $N$1 & "_" & M$2 & ".csv""; sleep 4;" -> wget --user-agent Mozilla/4.0 http://k-db.com/indices/I112/4h/2017?download=csv -O "./TOPIX ラージ 70_前場後場_2017.csv"; sleep 4;
A10: TOPIX 100 | B10: /indices/I113 | C10: ="wget --user-agent Mozilla/4.0 http://k-db.com" & $B10 & "/1d/" & C$2 & "?download=csv -O ""./" & $A10 & "_" & $C$1 & "_" & C$2 & ".csv""; sleep 4;" -> wget --user-agent Mozilla/4.0 http://k-db.com/indices/I113/1d/2007?download=csv -O "./TOPIX 100_日足_2007.csv"; sleep 4; | D10: ="wget --user-agent Mozilla/4.0 http://k-db.com" & $B10 & "/1d/" & D$2 & "?download=csv -O ""./" & $A10 & "_" & $C$1 & "_" & D$2 & ".csv""; sleep 4;" -> wget --user-agent Mozilla/4.0 http://k-db.com/indices/I113/1d/2008?download=csv -O "./TOPIX 100_日足_2008.csv"; sleep 4; | E10: ="wget --user-agent Mozilla/4.0 http://k-db.com" & $B10 & "/1d/" & E$2 & "?download=csv -O ""./" & $A10 & "_" & $C$1 & "_" & E$2 & ".csv""; sleep 4;" -> wget --user-agent Mozilla/4.0 http://k-db.com/indices/I113/1d/2009?download=csv -O "./TOPIX 100_日足_2009.csv"; sleep 4; | F10: ="wget --user-agent Mozilla/4.0 http://k-db.com" & $B10 & "/1d/" & F$2 & "?download=csv -O ""./" & $A10 & "_" & $C$1 & "_" & F$2 & ".csv""; sleep 4;" -> wget --user-agent Mozilla/4.0 http://k-db.com/indices/I113/1d/2010?download=csv -O "./TOPIX 100_日足_2010.csv"; sleep 4; | G10: ="wget --user-agent Mozilla/4.0 http://k-db.com" & $B10 & "/1d/" & G$2 & "?download=csv -O ""./" & $A10 & "_" & $C$1 & "_" & G$2 & ".csv""; sleep 4;" -> wget --user-agent Mozilla/4.0 http://k-db.com/indices/I113/1d/2011?download=csv -O "./TOPIX 100_日足_2011.csv"; sleep 4; | H10: ="wget --user-agent Mozilla/4.0 http://k-db.com" & $B10 & "/1d/" & H$2 & "?download=csv -O ""./" & $A10 & "_" & $C$1 & "_" & H$2 & ".csv""; sleep 4;" -> wget --user-agent Mozilla/4.0 http://k-db.com/indices/I113/1d/2012?download=csv -O "./TOPIX 100_日足_2012.csv"; sleep 4; | I10: ="wget --user-agent Mozilla/4.0 http://k-db.com" & $B10 & "/1d/" & I$2 & "?download=csv -O ""./" & $A10 & "_" & $C$1 & "_" & I$2 & ".csv""; sleep 4;" -> wget --user-agent Mozilla/4.0 http://k-db.com/indices/I113/1d/2013?download=csv -O "./TOPIX 100_日足_2013.csv"; sleep 4; | J10: ="wget --user-agent Mozilla/4.0 http://k-db.com" & $B10 & "/1d/" & J$2 & "?download=csv -O ""./" & $A10 & "_" & $C$1 & "_" & J$2 & ".csv""; sleep 4;" -> wget --user-agent Mozilla/4.0 http://k-db.com/indices/I113/1d/2014?download=csv -O "./TOPIX 100_日足_2014.csv"; sleep 4; | ... M10: ="wget --user-agent Mozilla/4.0 http://k-db.com" & $B10 & "/1d/" & M$2 & "?download=csv -O ""./" & $A10 & "_" & $C$1 & "_" & M$2 & ".csv""; sleep 4;" -> wget --user-agent Mozilla/4.0 http://k-db.com/indices/I113/1d/2017?download=csv -O "./TOPIX 100_日足_2017.csv"; sleep 4; | N10: ="wget --user-agent Mozilla/4.0 http://k-db.com" & $B10 & "/4h/" & N$2 & "?download=csv -O ""./" & $A10 & "_" & $N$1 & "_" & C$2 & ".csv""; sleep 4;" -> wget --user-agent Mozilla/4.0 http://k-db.com/indices/I113/4h/2007?download=csv -O "./TOPIX 100_前場後場_2007.csv"; sleep 4; | O10: ="wget --user-agent Mozilla/4.0 http://k-db.com" & $B10 & "/4h/" & O$2 & "?download=csv -O ""./" & $A10 & "_" & $N$1 & "_" & D$2 & ".csv""; sleep 4;" -> wget --user-agent Mozilla/4.0 http://k-db.com/indices/I113/4h/2008?download=csv -O "./TOPIX 100_前場後場_2008.csv"; sleep 4; | P10: ="wget --user-agent Mozilla/4.0 http://k-db.com" & $B10 & "/4h/" & P$2 & "?download=csv -O ""./" & $A10 & "_" & $N$1 & "_" & E$2 & ".csv""; sleep 4;" -> wget --user-agent Mozilla/4.0 http://k-db.com/indices/I113/4h/2009?download=csv -O "./TOPIX 100_前場後場_2009.csv"; sleep 4; | Q10: ="wget --user-agent Mozilla/4.0 http://k-db.com" & $B10 & "/4h/" & Q$2 & "?download=csv -O ""./" & $A10 & "_" & $N$1 & "_" & F$2 & ".csv""; sleep 4;" -> wget --user-agent Mozilla/4.0 http://k-db.com/indices/I113/4h/2010?download=csv -O "./TOPIX 100_前場後場_2010.csv"; sleep 4; | R10: ="wget --user-agent Mozilla/4.0 http://k-db.com" & $B10 & "/4h/" & R$2 & "?download=csv -O ""./" & $A10 & "_" & $N$1 & "_" & G$2 & ".csv""; sleep 4;" -> wget --user-agent Mozilla/4.0 http://k-db.com/indices/I113/4h/2011?download=csv -O "./TOPIX 100_前場後場_2011.csv"; sleep 4; | S10: ="wget --user-agent Mozilla/4.0 http://k-db.com" & $B10 & "/4h/" & S$2 & "?download=csv -O ""./" & $A10 & "_" & $N$1 & "_" & H$2 & ".csv""; sleep 4;" -> wget --user-agent Mozilla/4.0 http://k-db.com/indices/I113/4h/2012?download=csv -O "./TOPIX 100_前場後場_2012.csv"; sleep 4; | T10: ="wget --user-agent Mozilla/4.0 http://k-db.com" & $B10 & "/4h/" & T$2 & "?download=csv -O ""./" & $A10 & "_" & $N$1 & "_" & I$2 & ".csv""; sleep 4;" -> wget --user-agent Mozilla/4.0 http://k-db.com/indices/I113/4h/2013?download=csv -O "./TOPIX 100_前場後場_2013.csv"; sleep 4; | U10: ="wget --user-agent Mozilla/4.0 http://k-db.com" & $B10 & "/4h/" & U$2 & "?download=csv -O ""./" & $A10 & "_" & $N$1 & "_" & J$2 & ".csv""; sleep 4;" -> wget --user-agent Mozilla/4.0 http://k-db.com/indices/I113/4h/2014?download=csv -O "./TOPIX 100_前場後場_2014.csv"; sleep 4; | ... X10: ="wget --user-agent Mozilla/4.0 http://k-db.com" & $B10 & "/4h/" & X$2 & "?download=csv -O ""./" & $A10 & "_" & $N$1 & "_" & M$2 & ".csv""; sleep 4;" -> wget --user-agent Mozilla/4.0 http://k-db.com/indices/I113/4h/2017?download=csv -O "./TOPIX 100_前場後場_2017.csv"; sleep 4;
A11: TOPIX ミッド 400 | B11: /indices/I114 | C11: ="wget --user-agent Mozilla/4.0 http://k-db.com" & $B11 & "/1d/" & C$2 & "?download=csv -O ""./" & $A11 & "_" & $C$1 & "_" & C$2 & ".csv""; sleep 4;" -> wget --user-agent Mozilla/4.0 http://k-db.com/indices/I114/1d/2007?download=csv -O "./TOPIX ミッド 400_日足_2007.csv"; sleep 4; | D11: ="wget --user-agent Mozilla/4.0 http://k-db.com" & $B11 & "/1d/" & D$2 & "?download=csv -O ""./" & $A11 & "_" & $C$1 & "_" & D$2 & ".csv""; sleep 4;" -> wget --user-agent Mozilla/4.0 http://k-db.com/indices/I114/1d/2008?download=csv -O "./TOPIX ミッド 400_日足_2008.csv"; sleep 4; | E11: ="wget --user-agent Mozilla/4.0 http://k-db.com" & $B11 & "/1d/" & E$2 & "?download=csv -O ""./" & $A11 & "_" & $C$1 & "_" & E$2 & ".csv""; sleep 4;" -> wget --user-agent Mozilla/4.0 http://k-db.com/indices/I114/1d/2009?download=csv -O "./TOPIX ミッド 400_日足_2009.csv"; sleep 4; | F11: ="wget --user-agent Mozilla/4.0 http://k-db.com" & $B11 & "/1d/" & F$2 & "?download=csv -O ""./" & $A11 & "_" & $C$1 & "_" & F$2 & ".csv""; sleep 4;" -> wget --user-agent Mozilla/4.0 http://k-db.com/indices/I114/1d/2010?download=csv -O "./TOPIX ミッド 400_日足_2010.csv"; sleep 4; | G11: ="wget --user-agent Mozilla/4.0 http://k-db.com" & $B11 & "/1d/" & G$2 & "?download=csv -O ""./" & $A11 & "_" & $C$1 & "_" & G$2 & ".csv""; sleep 4;" -> wget --user-agent Mozilla/4.0 http://k-db.com/indices/I114/1d/2011?download=csv -O "./TOPIX ミッド 400_日足_2011.csv"; sleep 4; | H11: ="wget --user-agent Mozilla/4.0 http://k-db.com" & $B11 & "/1d/" & H$2 & "?download=csv -O ""./" & $A11 & "_" & $C$1 & "_" & H$2 & ".csv""; sleep 4;" -> wget --user-agent Mozilla/4.0 http://k-db.com/indices/I114/1d/2012?download=csv -O "./TOPIX ミッド 400_日足_2012.csv"; sleep 4; | I11: ="wget --user-agent Mozilla/4.0 http://k-db.com" & $B11 & "/1d/" & I$2 & "?download=csv -O ""./" & $A11 & "_" & $C$1 & "_" & I$2 & ".csv""; sleep 4;" -> wget --user-agent Mozilla/4.0 http://k-db.com/indices/I114/1d/2013?download=csv -O "./TOPIX ミッド 400_日足_2013.csv"; sleep 4; | J11: ="wget --user-agent Mozilla/4.0 http://k-db.com" & $B11 & "/1d/" & J$2 & "?download=csv -O ""./" & $A11 & "_" & $C$1 & "_" & J$2 & ".csv""; sleep 4;" -> wget --user-agent Mozilla/4.0 http://k-db.com/indices/I114/1d/2014?download=csv -O "./TOPIX ミッド 400_日足_2014.csv"; sleep 4; | ... M11: ="wget --user-agent Mozilla/4.0 http://k-db.com" & $B11 & "/1d/" & M$2 & "?download=csv -O ""./" & $A11 & "_" & $C$1 & "_" & M$2 & ".csv""; sleep 4;" -> wget --user-agent Mozilla/4.0 http://k-db.com/indices/I114/1d/2017?download=csv -O "./TOPIX ミッド 400_日足_2017.csv"; sleep 4; | N11: ="wget --user-agent Mozilla/4.0 http://k-db.com" & $B11 & "/4h/" & N$2 & "?download=csv -O ""./" & $A11 & "_" & $N$1 & "_" & C$2 & ".csv""; sleep 4;" -> wget --user-agent Mozilla/4.0 http://k-db.com/indices/I114/4h/2007?download=csv -O "./TOPIX ミッド 400_前場後場_2007.csv"; sleep 4; | O11: ="wget --user-agent Mozilla/4.0 http://k-db.com" & $B11 & "/4h/" & O$2 & "?download=csv -O ""./" & $A11 & "_" & $N$1 & "_" & D$2 & ".csv""; sleep 4;" -> wget --user-agent Mozilla/4.0 http://k-db.com/indices/I114/4h/2008?download=csv -O "./TOPIX ミッド 400_前場後場_2008.csv"; sleep 4; | P11: ="wget --user-agent Mozilla/4.0 http://k-db.com" & $B11 & "/4h/" & P$2 & "?download=csv -O ""./" & $A11 & "_" & $N$1 & "_" & E$2 & ".csv""; sleep 4;" -> wget --user-agent Mozilla/4.0 http://k-db.com/indices/I114/4h/2009?download=csv -O "./TOPIX ミッド 400_前場後場_2009.csv"; sleep 4; | Q11: ="wget --user-agent Mozilla/4.0 http://k-db.com" & $B11 & "/4h/" & Q$2 & "?download=csv -O ""./" & $A11 & "_" & $N$1 & "_" & F$2 & ".csv""; sleep 4;" -> wget --user-agent Mozilla/4.0 http://k-db.com/indices/I114/4h/2010?download=csv -O "./TOPIX ミッド 400_前場後場_2010.csv"; sleep 4; | R11: ="wget --user-agent Mozilla/4.0 http://k-db.com" & $B11 & "/4h/" & R$2 & "?download=csv -O ""./" & $A11 & "_" & $N$1 & "_" & G$2 & ".csv""; sleep 4;" -> wget --user-agent Mozilla/4.0 http://k-db.com/indices/I114/4h/2011?download=csv -O "./TOPIX ミッド 400_前場後場_2011.csv"; sleep 4; | S11: ="wget --user-agent Mozilla/4.0 http://k-db.com" & $B11 & "/4h/" & S$2 & "?download=csv -O ""./" & $A11 & "_" & $N$1 & "_" & H$2 & ".csv""; sleep 4;" -> wget --user-agent Mozilla/4.0 http://k-db.com/indices/I114/4h/2012?download=csv -O "./TOPIX ミッド 400_前場後場_2012.csv"; sleep 4; | T11: ="wget --user-agent Mozilla/4.0 http://k-db.com" & $B11 & "/4h/" & T$2 & "?download=csv -O ""./" & $A11 & "_" & $N$1 & "_" & I$2 & ".csv""; sleep 4;" -> wget --user-agent Mozilla/4.0 http://k-db.com/indices/I114/4h/2013?download=csv -O "./TOPIX ミッド 400_前場後場_2013.csv"; sleep 4; | U11: ="wget --user-agent Mozilla/4.0 http://k-db.com" & $B11 & "/4h/" & U$2 & "?download=csv -O ""./" & $A11 & "_" & $N$1 & "_" & J$2 & ".csv""; sleep 4;" -> wget --user-agent Mozilla/4.0 http://k-db.com/indices/I114/4h/2014?download=csv -O "./TOPIX ミッド 400_前場後場_2014.csv"; sleep 4; | ... X11: ="wget --user-agent Mozilla/4.0 http://k-db.com" & $B11 & "/4h/" & X$2 & "?download=csv -O ""./" & $A11 & "_" & $N$1 & "_" & M$2 & ".csv""; sleep 4;" -> wget --user-agent Mozilla/4.0 http://k-db.com/indices/I114/4h/2017?download=csv -O "./TOPIX ミッド 400_前場後場_2017.csv"; sleep 4;
A12: TOPIX 500 | B12: /indices/I115 | C12: ="wget --user-agent Mozilla/4.0 http://k-db.com" & $B12 & "/1d/" & C$2 & "?download=csv -O ""./" & $A12 & "_" & $C$1 & "_" & C$2 & ".csv""; sleep 4;" -> wget --user-agent Mozilla/4.0 http://k-db.com/indices/I115/1d/2007?download=csv -O "./TOPIX 500_日足_2007.csv"; sleep 4; | D12: ="wget --user-agent Mozilla/4.0 http://k-db.com" & $B12 & "/1d/" & D$2 & "?download=csv -O ""./" & $A12 & "_" & $C$1 & "_" & D$2 & ".csv""; sleep 4;" -> wget --user-agent Mozilla/4.0 http://k-db.com/indices/I115/1d/2008?download=csv -O "./TOPIX 500_日足_2008.csv"; sleep 4; | E12: ="wget --user-agent Mozilla/4.0 http://k-db.com" & $B12 & "/1d/" & E$2 & "?download=csv -O ""./" & $A12 & "_" & $C$1 & "_" & E$2 & ".csv""; sleep 4;" -> wget --user-agent Mozilla/4.0 http://k-db.com/indices/I115/1d/2009?download=csv -O "./TOPIX 500_日足_2009.csv"; sleep 4; | F12: ="wget --user-agent Mozilla/4.0 http://k-db.com" & $B12 & "/1d/" & F$2 & "?download=csv -O ""./" & $A12 & "_" & $C$1 & "_" & F$2 & ".csv""; sleep 4;" -> wget --user-agent Mozilla/4.0 http://k-db.com/indices/I115/1d/2010?download=csv -O "./TOPIX 500_日足_2010.csv"; sleep 4; | G12: ="wget --user-agent Mozilla/4.0 http://k-db.com" & $B12 & "/1d/" & G$2 & "?download=csv -O ""./" & $A12 & "_" & $C$1 & "_" & G$2 & ".csv""; sleep 4;" -> wget --user-agent Mozilla/4.0 http://k-db.com/indices/I115/1d/2011?download=csv -O "./TOPIX 500_日足_2011.csv"; sleep 4; | H12: ="wget --user-agent Mozilla/4.0 http://k-db.com" & $B12 & "/1d/" & H$2 & "?download=csv -O ""./" & $A12 & "_" & $C$1 & "_" & H$2 & ".csv""; sleep 4;" -> wget --user-agent Mozilla/4.0 http://k-db.com/indices/I115/1d/2012?download=csv -O "./TOPIX 500_日足_2012.csv"; sleep 4; | I12: ="wget --user-agent Mozilla/4.0 http://k-db.com" & $B12 & "/1d/" & I$2 & "?download=csv -O ""./" & $A12 & "_" & $C$1 & "_" & I$2 & ".csv""; sleep 4;" -> wget --user-agent Mozilla/4.0 http://k-db.com/indices/I115/1d/2013?download=csv -O "./TOPIX 500_日足_2013.csv"; sleep 4; | J12: ="wget --user-agent Mozilla/4.0 http://k-db.com" & $B12 & "/1d/" & J$2 & "?download=csv -O ""./" & $A12 & "_" & $C$1 & "_" & J$2 & ".csv""; sleep 4;" -> wget --user-agent Mozilla/4.0 http://k-db.com/indices/I115/1d/2014?download=csv -O "./TOPIX 500_日足_2014.csv"; sleep 4; | ... M12: ="wget --user-agent Mozilla/4.0 http://k-db.com" & $B12 & "/1d/" & M$2 & "?download=csv -O ""./" & $A12 & "_" & $C$1 & "_" & M$2 & ".csv""; sleep 4;" -> wget --user-agent Mozilla/4.0 http://k-db.com/indices/I115/1d/2017?download=csv -O "./TOPIX 500_日足_2017.csv"; sleep 4; | N12: ="wget --user-agent Mozilla/4.0 http://k-db.com" & $B12 & "/4h/" & N$2 & "?download=csv -O ""./" & $A12 & "_" & $N$1 & "_" & C$2 & ".csv""; sleep 4;" -> wget --user-agent Mozilla/4.0 http://k-db.com/indices/I115/4h/2007?download=csv -O "./TOPIX 500_前場後場_2007.csv"; sleep 4; | O12: ="wget --user-agent Mozilla/4.0 http://k-db.com" & $B12 & "/4h/" & O$2 & "?download=csv -O ""./" & $A12 & "_" & $N$1 & "_" & D$2 & ".csv""; sleep 4;" -> wget --user-agent Mozilla/4.0 http://k-db.com/indices/I115/4h/2008?download=csv -O "./TOPIX 500_前場後場_2008.csv"; sleep 4; | P12: ="wget --user-agent Mozilla/4.0 http://k-db.com" & $B12 & "/4h/" & P$2 & "?download=csv -O ""./" & $A12 & "_" & $N$1 & "_" & E$2 & ".csv""; sleep 4;" -> wget --user-agent Mozilla/4.0 http://k-db.com/indices/I115/4h/2009?download=csv -O "./TOPIX 500_前場後場_2009.csv"; sleep 4; | Q12: ="wget --user-agent Mozilla/4.0 http://k-db.com" & $B12 & "/4h/" & Q$2 & "?download=csv -O ""./" & $A12 & "_" & $N$1 & "_" & F$2 & ".csv""; sleep 4;" -> wget --user-agent Mozilla/4.0 http://k-db.com/indices/I115/4h/2010?download=csv -O "./TOPIX 500_前場後場_2010.csv"; sleep 4; | R12: ="wget --user-agent Mozilla/4.0 http://k-db.com" & $B12 & "/4h/" & R$2 & "?download=csv -O ""./" & $A12 & "_" & $N$1 & "_" & G$2 & ".csv""; sleep 4;" -> wget --user-agent Mozilla/4.0 http://k-db.com/indices/I115/4h/2011?download=csv -O "./TOPIX 500_前場後場_2011.csv"; sleep 4; | S12: ="wget --user-agent Mozilla/4.0 http://k-db.com" & $B12 & "/4h/" & S$2 & "?download=csv -O ""./" & $A12 & "_" & $N$1 & "_" & H$2 & ".csv""; sleep 4;" -> wget --user-agent Mozilla/4.0 http://k-db.com/indices/I115/4h/2012?download=csv -O "./TOPIX 500_前場後場_2012.csv"; sleep 4; | T12: ="wget --user-agent Mozilla/4.0 http://k-db.com" & $B12 & "/4h/" & T$2 & "?download=csv -O ""./" & $A12 & "_" & $N$1 & "_" & I$2 & ".csv""; sleep 4;" -> wget --user-agent Mozilla/4.0 http://k-db.com/indices/I115/4h/2013?download=csv -O "./TOPIX 500_前場後場_2013.csv"; sleep 4; | U12: ="wget --user-agent Mozilla/4.0 http://k-db.com" & $B12 & "/4h/" & U$2 & "?download=csv -O ""./" & $A12 & "_" & $N$1 & "_" & J$2 & ".csv""; sleep 4;" -> wget --user-agent Mozilla/4.0 http://k-db.com/indices/I115/4h/2014?download=csv -O "./TOPIX 500_前場後場_2014.csv"; sleep 4; | ... X12: ="wget --user-agent Mozilla/4.0 http://k-db.com" & $B12 & "/4h/" & X$2 & "?download=csv -O ""./" & $A12 & "_" & $N$1 & "_" & M$2 & ".csv""; sleep 4;" -> wget --user-agent Mozilla/4.0 http://k-db.com/indices/I115/4h/2017?download=csv -O "./TOPIX 500_前場後場_2017.csv"; sleep 4;
A13: TOPIX スモール | B13: /indices/I116 | C13: ="wget --user-agent Mozilla/4.0 http://k-db.com" & $B13 & "/1d/" & C$2 & "?download=csv -O ""./" & $A13 & "_" & $C$1 & "_" & C$2 & ".csv""; sleep 4;" -> wget --user-agent Mozilla/4.0 http://k-db.com/indices/I116/1d/2007?download=csv -O "./TOPIX スモール_日足_2007.csv"; sleep 4; | D13: ="wget --user-agent Mozilla/4.0 http://k-db.com" & $B13 & "/1d/" & D$2 & "?download=csv -O ""./" & $A13 & "_" & $C$1 & "_" & D$2 & ".csv""; sleep 4;" -> wget --user-agent Mozilla/4.0 http://k-db.com/indices/I116/1d/2008?download=csv -O "./TOPIX スモール_日足_2008.csv"; sleep 4; | E13: ="wget --user-agent Mozilla/4.0 http://k-db.com" & $B13 & "/1d/" & E$2 & "?download=csv -O ""./" & $A13 & "_" & $C$1 & "_" & E$2 & ".csv""; sleep 4;" -> wget --user-agent Mozilla/4.0 http://k-db.com/indices/I116/1d/2009?download=csv -O "./TOPIX スモール_日足_2009.csv"; sleep 4; | F13: ="wget --user-agent Mozilla/4.0 http://k-db.com" & $B13 & "/1d/" & F$2 & "?download=csv -O ""./" & $A13 & "_" & $C$1 & "_" & F$2 & ".csv""; sleep 4;" -> wget --user-agent Mozilla/4.0 http://k-db.com/indices/I116/1d/2010?download=csv -O "./TOPIX スモール_日足_2010.csv"; sleep 4; | G13: ="wget --user-agent Mozilla/4.0 http://k-db.com" & $B13 & "/1d/" & G$2 & "?download=csv -O ""./" & $A13 & "_" & $C$1 & "_" & G$2 & ".csv""; sleep 4;" -> wget --user-agent Mozilla/4.0 http://k-db.com/indices/I116/1d/2011?download=csv -O "./TOPIX スモール_日足_2011.csv"; sleep 4; | H13: ="wget --user-agent Mozilla/4.0 http://k-db.com" & $B13 & "/1d/" & H$2 & "?download=csv -O ""./" & $A13 & "_" & $C$1 & "_" & H$2 & ".csv""; sleep 4;" -> wget --user-agent Mozilla/4.0 http://k-db.com/indices/I116/1d/2012?download=csv -O "./TOPIX スモール_日足_2012.csv"; sleep 4; | I13: ="wget --user-agent Mozilla/4.0 http://k-db.com" & $B13 & "/1d/" & I$2 & "?download=csv -O ""./" & $A13 & "_" & $C$1 & "_" & I$2 & ".csv""; sleep 4;" -> wget --user-agent Mozilla/4.0 http://k-db.com/indices/I116/1d/2013?download=csv -O "./TOPIX スモール_日足_2013.csv"; sleep 4; | J13: ="wget --user-agent Mozilla/4.0 http://k-db.com" & $B13 & "/1d/" & J$2 & "?download=csv -O ""./" & $A13 & "_" & $C$1 & "_" & J$2 & ".csv""; sleep 4;" -> wget --user-agent Mozilla/4.0 http://k-db.com/indices/I116/1d/2014?download=csv -O "./TOPIX スモール_日足_2014.csv"; sleep 4; | ... M13: ="wget --user-agent Mozilla/4.0 http://k-db.com" & $B13 & "/1d/" & M$2 & "?download=csv -O ""./" & $A13 & "_" & $C$1 & "_" & M$2 & ".csv""; sleep 4;" -> wget --user-agent Mozilla/4.0 http://k-db.com/indices/I116/1d/2017?download=csv -O "./TOPIX スモール_日足_2017.csv"; sleep 4; | N13: ="wget --user-agent Mozilla/4.0 http://k-db.com" & $B13 & "/4h/" & N$2 & "?download=csv -O ""./" & $A13 & "_" & $N$1 & "_" & C$2 & ".csv""; sleep 4;" -> wget --user-agent Mozilla/4.0 http://k-db.com/indices/I116/4h/2007?download=csv -O "./TOPIX スモール_前場後場_2007.csv"; sleep 4; | O13: ="wget --user-agent Mozilla/4.0 http://k-db.com" & $B13 & "/4h/" & O$2 & "?download=csv -O ""./" & $A13 & "_" & $N$1 & "_" & D$2 & ".csv""; sleep 4;" -> wget --user-agent Mozilla/4.0 http://k-db.com/indices/I116/4h/2008?download=csv -O "./TOPIX スモール_前場後場_2008.csv"; sleep 4; | P13: ="wget --user-agent Mozilla/4.0 http://k-db.com" & $B13 & "/4h/" & P$2 & "?download=csv -O ""./" & $A13 & "_" & $N$1 & "_" & E$2 & ".csv""; sleep 4;" -> wget --user-agent Mozilla/4.0 http://k-db.com/indices/I116/4h/2009?download=csv -O "./TOPIX スモール_前場後場_2009.csv"; sleep 4; | Q13: ="wget --user-agent Mozilla/4.0 http://k-db.com" & $B13 & "/4h/" & Q$2 & "?download=csv -O ""./" & $A13 & "_" & $N$1 & "_" & F$2 & ".csv""; sleep 4;" -> wget --user-agent Mozilla/4.0 http://k-db.com/indices/I116/4h/2010?download=csv -O "./TOPIX スモール_前場後場_2010.csv"; sleep 4; | R13: ="wget --user-agent Mozilla/4.0 http://k-db.com" & $B13 & "/4h/" & R$2 & "?download=csv -O ""./" & $A13 & "_" & $N$1 & "_" & G$2 & ".csv""; sleep 4;" -> wget --user-agent Mozilla/4.0 http://k-db.com/indices/I116/4h/2011?download=csv -O "./TOPIX スモール_前場後場_2011.csv"; sleep 4; | S13: ="wget --user-agent Mozilla/4.0 http://k-db.com" & $B13 & "/4h/" & S$2 & "?download=csv -O ""./" & $A13 & "_" & $N$1 & "_" & H$2 & ".csv""; sleep 4;" -> wget --user-agent Mozilla/4.0 http://k-db.com/indices/I116/4h/2012?download=csv -O "./TOPIX スモール_前場後場_2012.csv"; sleep 4; | T13: ="wget --user-agent Mozilla/4.0 http://k-db.com" & $B13 & "/4h/" & T$2 & "?download=csv -O ""./" & $A13 & "_" & $N$1 & "_" & I$2 & ".csv""; sleep 4;" -> wget --user-agent Mozilla/4.0 http://k-db.com/indices/I116/4h/2013?download=csv -O "./TOPIX スモール_前場後場_2013.csv"; sleep 4; | U13: ="wget --user-agent Mozilla/4.0 http://k-db.com" & $B13 & "/4h/" & U$2 & "?download=csv -O ""./" & $A13 & "_" & $N$1 & "_" & J$2 & ".csv""; sleep 4;" -> wget --user-agent Mozilla/4.0 http://k-db.com/indices/I116/4h/2014?download=csv -O "./TOPIX スモール_前場後場_2014.csv"; sleep 4; | ... X13: ="wget --user-agent Mozilla/4.0 http://k-db.com" & $B13 & "/4h/" & X$2 & "?download=csv -O ""./" & $A13 & "_" & $N$1 & "_" & M$2 & ".csv""; sleep 4;" -> wget --user-agent Mozilla/4.0 http://k-db.com/indices/I116/4h/2017?download=csv -O "./TOPIX スモール_前場後場_2017.csv"; sleep 4;
A14: TOPIX 1000 | B14: /indices/I117 | C14: ="wget --user-agent Mozilla/4.0 http://k-db.com" & $B14 & "/1d/" & C$2 & "?download=csv -O ""./" & $A14 & "_" & $C$1 & "_" & C$2 & ".csv""; sleep 4;" -> wget --user-agent Mozilla/4.0 http://k-db.com/indices/I117/1d/2007?download=csv -O "./TOPIX 1000_日足_2007.csv"; sleep 4; | D14: ="wget --user-agent Mozilla/4.0 http://k-db.com" & $B14 & "/1d/" & D$2 & "?download=csv -O ""./" & $A14 & "_" & $C$1 & "_" & D$2 & ".csv""; sleep 4;" -> wget --user-agent Mozilla/4.0 http://k-db.com/indices/I117/1d/2008?download=csv -O "./TOPIX 1000_日足_2008.csv"; sleep 4; | E14: ="wget --user-agent Mozilla/4.0 http://k-db.com" & $B14 & "/1d/" & E$2 & "?download=csv -O ""./" & $A14 & "_" & $C$1 & "_" & E$2 & ".csv""; sleep 4;" -> wget --user-agent Mozilla/4.0 http://k-db.com/indices/I117/1d/2009?download=csv -O "./TOPIX 1000_日足_2009.csv"; sleep 4; | F14: ="wget --user-agent Mozilla/4.0 http://k-db.com" & $B14 & "/1d/" & F$2 & "?download=csv -O ""./" & $A14 & "_" & $C$1 & "_" & F$2 & ".csv""; sleep 4;" -> wget --user-agent Mozilla/4.0 http://k-db.com/indices/I117/1d/2010?download=csv -O "./TOPIX 1000_日足_2010.csv"; sleep 4; | G14: ="wget --user-agent Mozilla/4.0 http://k-db.com" & $B14 & "/1d/" & G$2 & "?download=csv -O ""./" & $A14 & "_" & $C$1 & "_" & G$2 & ".csv""; sleep 4;" -> wget --user-agent Mozilla/4.0 http://k-db.com/indices/I117/1d/2011?download=csv -O "./TOPIX 1000_日足_2011.csv"; sleep 4; | H14: ="wget --user-agent Mozilla/4.0 http://k-db.com" & $B14 & "/1d/" & H$2 & "?download=csv -O ""./" & $A14 & "_" & $C$1 & "_" & H$2 & ".csv""; sleep 4;" -> wget --user-agent Mozilla/4.0 http://k-db.com/indices/I117/1d/2012?download=csv -O "./TOPIX 1000_日足_2012.csv"; sleep 4; | I14: ="wget --user-agent Mozilla/4.0 http://k-db.com" & $B14 & "/1d/" & I$2 & "?download=csv -O ""./" & $A14 & "_" & $C$1 & "_" & I$2 & ".csv""; sleep 4;" -> wget --user-agent Mozilla/4.0 http://k-db.com/indices/I117/1d/2013?download=csv -O "./TOPIX 1000_日足_2013.csv"; sleep 4; | J14: ="wget --user-agent Mozilla/4.0 http://k-db.com" & $B14 & "/1d/" & J$2 & "?download=csv -O ""./" & $A14 & "_" & $C$1 & "_" & J$2 & ".csv""; sleep 4;" -> wget --user-agent Mozilla/4.0 http://k-db.com/indices/I117/1d/2014?download=csv -O "./TOPIX 1000_日足_2014.csv"; sleep 4; | ... M14: ="wget --user-agent Mozilla/4.0 http://k-db.com" & $B14 & "/1d/" & M$2 & "?download=csv -O ""./" & $A14 & "_" & $C$1 & "_" & M$2 & ".csv""; sleep 4;" -> wget --user-agent Mozilla/4.0 http://k-db.com/indices/I117/1d/2017?download=csv -O "./TOPIX 1000_日足_2017.csv"; sleep 4; | N14: ="wget --user-agent Mozilla/4.0 http://k-db.com" & $B14 & "/4h/" & N$2 & "?download=csv -O ""./" & $A14 & "_" & $N$1 & "_" & C$2 & ".csv""; sleep 4;" -> wget --user-agent Mozilla/4.0 http://k-db.com/indices/I117/4h/2007?download=csv -O "./TOPIX 1000_前場後場_2007.csv"; sleep 4; | O14: ="wget --user-agent Mozilla/4.0 http://k-db.com" & $B14 & "/4h/" & O$2 & "?download=csv -O ""./" & $A14 & "_" & $N$1 & "_" & D$2 & ".csv""; sleep 4;" -> wget --user-agent Mozilla/4.0 http://k-db.com/indices/I117/4h/2008?download=csv -O "./TOPIX 1000_前場後場_2008.csv"; sleep 4; | P14: ="wget --user-agent Mozilla/4.0 http://k-db.com" & $B14 & "/4h/" & P$2 & "?download=csv -O ""./" & $A14 & "_" & $N$1 & "_" & E$2 & ".csv""; sleep 4;" -> wget --user-agent Mozilla/4.0 http://k-db.com/indices/I117/4h/2009?download=csv -O "./TOPIX 1000_前場後場_2009.csv"; sleep 4; | Q14: ="wget --user-agent Mozilla/4.0 http://k-db.com" & $B14 & "/4h/" & Q$2 & "?download=csv -O ""./" & $A14 & "_" & $N$1 & "_" & F$2 & ".csv""; sleep 4;" -> wget --user-agent Mozilla/4.0 http://k-db.com/indices/I117/4h/2010?download=csv -O "./TOPIX 1000_前場後場_2010.csv"; sleep 4; | R14: ="wget --user-agent Mozilla/4.0 http://k-db.com" & $B14 & "/4h/" & R$2 & "?download=csv -O ""./" & $A14 & "_" & $N$1 & "_" & G$2 & ".csv""; sleep 4;" -> wget --user-agent Mozilla/4.0 http://k-db.com/indices/I117/4h/2011?download=csv -O "./TOPIX 1000_前場後場_2011.csv"; sleep 4; | S14: ="wget --user-agent Mozilla/4.0 http://k-db.com" & $B14 & "/4h/" & S$2 & "?download=csv -O ""./" & $A14 & "_" & $N$1 & "_" & H$2 & ".csv""; sleep 4;" -> wget --user-agent Mozilla/4.0 http://k-db.com/indices/I117/4h/2012?download=csv -O "./TOPIX 1000_前場後場_2012.csv"; sleep 4; | T14: ="wget --user-agent Mozilla/4.0 http://k-db.com" & $B14 & "/4h/" & T$2 & "?download=csv -O ""./" & $A14 & "_" & $N$1 & "_" & I$2 & ".csv""; sleep 4;" -> wget --user-agent Mozilla/4.0 http://k-db.com/indices/I117/4h/2013?download=csv -O "./TOPIX 1000_前場後場_2013.csv"; sleep 4; | U14: ="wget --user-agent Mozilla/4.0 http://k-db.com" & $B14 & "/4h/" & U$2 & "?download=csv -O ""./" & $A14 & "_" & $N$1 & "_" & J$2 & ".csv""; sleep 4;" -> wget --user-agent Mozilla/4.0 http://k-db.com/indices/I117/4h/2014?download=csv -O "./TOPIX 1000_前場後場_2014.csv"; sleep 4; | ... X14: ="wget --user-agent Mozilla/4.0 http://k-db.com" & $B14 & "/4h/" & X$2 & "?download=csv -O ""./" & $A14 & "_" & $N$1 & "_" & M$2 & ".csv""; sleep 4;" -> wget --user-agent Mozilla/4.0 http://k-db.com/indices/I117/4h/2017?download=csv -O "./TOPIX 1000_前場後場_2017.csv"; sleep 4;
... A72: 業種別株価指数 電気機器 | B72: /indices/I216 | C72: ="wget --user-agent Mozilla/4.0 http://k-db.com" & $B72 & "/1d/" & C$2 & "?download=csv -O ""./" & $A72 & "_" & $C$1 & "_" & C$2 & ".csv""; sleep 4;" -> wget --user-agent Mozilla/4.0 http://k-db.com/indices/I216/1d/2007?download=csv -O "./業種別株価指数 電気機器_日足_2007.csv"; sleep 4; | D72: ="wget --user-agent Mozilla/4.0 http://k-db.com" & $B72 & "/1d/" & D$2 & "?download=csv -O ""./" & $A72 & "_" & $C$1 & "_" & D$2 & ".csv""; sleep 4;" -> wget --user-agent Mozilla/4.0 http://k-db.com/indices/I216/1d/2008?download=csv -O "./業種別株価指数 電気機器_日足_2008.csv"; sleep 4; | E72: ="wget --user-agent Mozilla/4.0 http://k-db.com" & $B72 & "/1d/" & E$2 & "?download=csv -O ""./" & $A72 & "_" & $C$1 & "_" & E$2 & ".csv""; sleep 4;" -> wget --user-agent Mozilla/4.0 http://k-db.com/indices/I216/1d/2009?download=csv -O "./業種別株価指数 電気機器_日足_2009.csv"; sleep 4; | F72: ="wget --user-agent Mozilla/4.0 http://k-db.com" & $B72 & "/1d/" & F$2 & "?download=csv -O ""./" & $A72 & "_" & $C$1 & "_" & F$2 & ".csv""; sleep 4;" -> wget --user-agent Mozilla/4.0 http://k-db.com/indices/I216/1d/2010?download=csv -O "./業種別株価指数 電気機器_日足_2010.csv"; sleep 4; | G72: ="wget --user-agent Mozilla/4.0 http://k-db.com" & $B72 & "/1d/" & G$2 & "?download=csv -O ""./" & $A72 & "_" & $C$1 & "_" & G$2 & ".csv""; sleep 4;" -> wget --user-agent Mozilla/4.0 http://k-db.com/indices/I216/1d/2011?download=csv -O "./業種別株価指数 電気機器_日足_2011.csv"; sleep 4; | H72: ="wget --user-agent Mozilla/4.0 http://k-db.com" & $B72 & "/1d/" & H$2 & "?download=csv -O ""./" & $A72 & "_" & $C$1 & "_" & H$2 & ".csv""; sleep 4;" -> wget --user-agent Mozilla/4.0 http://k-db.com/indices/I216/1d/2012?download=csv -O "./業種別株価指数 電気機器_日足_2012.csv"; sleep 4; | I72: ="wget --user-agent Mozilla/4.0 http://k-db.com" & $B72 & "/1d/" & I$2 & "?download=csv -O ""./" & $A72 & "_" & $C$1 & "_" & I$2 & ".csv""; sleep 4;" -> wget --user-agent Mozilla/4.0 http://k-db.com/indices/I216/1d/2013?download=csv -O "./業種別株価指数 電気機器_日足_2013.csv"; sleep 4; | J72: ="wget --user-agent Mozilla/4.0 http://k-db.com" & $B72 & "/1d/" & J$2 & "?download=csv -O ""./" & $A72 & "_" & $C$1 & "_" & J$2 & ".csv""; sleep 4;" -> wget --user-agent Mozilla/4.0 http://k-db.com/indices/I216/1d/2014?download=csv -O "./業種別株価指数 電気機器_日足_2014.csv"; sleep 4; | ... M72: ="wget --user-agent Mozilla/4.0 http://k-db.com" & $B72 & "/1d/" & M$2 & "?download=csv -O ""./" & $A72 & "_" & $C$1 & "_" & M$2 & ".csv""; sleep 4;" -> wget --user-agent Mozilla/4.0 http://k-db.com/indices/I216/1d/2017?download=csv -O "./業種別株価指数 電気機器_日足_2017.csv"; sleep 4; | N72: ="wget --user-agent Mozilla/4.0 http://k-db.com" & $B72 & "/4h/" & N$2 & "?download=csv -O ""./" & $A72 & "_" & $N$1 & "_" & C$2 & ".csv""; sleep 4;" -> wget --user-agent Mozilla/4.0 http://k-db.com/indices/I216/4h/2007?download=csv -O "./業種別株価指数 電気機器_前場後場_2007.csv"; sleep 4; | O72: ="wget --user-agent Mozilla/4.0 http://k-db.com" & $B72 & "/4h/" & O$2 & "?download=csv -O ""./" & $A72 & "_" & $N$1 & "_" & D$2 & ".csv""; sleep 4;" -> wget --user-agent Mozilla/4.0 http://k-db.com/indices/I216/4h/2008?download=csv -O "./業種別株価指数 電気機器_前場後場_2008.csv"; sleep 4; | P72: ="wget --user-agent Mozilla/4.0 http://k-db.com" & $B72 & "/4h/" & P$2 & "?download=csv -O ""./" & $A72 & "_" & $N$1 & "_" & E$2 & ".csv""; sleep 4;" -> wget --user-agent Mozilla/4.0 http://k-db.com/indices/I216/4h/2009?download=csv -O "./業種別株価指数 電気機器_前場後場_2009.csv"; sleep 4; | Q72: ="wget --user-agent Mozilla/4.0 http://k-db.com" & $B72 & "/4h/" & Q$2 & "?download=csv -O ""./" & $A72 & "_" & $N$1 & "_" & F$2 & ".csv""; sleep 4;" -> wget --user-agent Mozilla/4.0 http://k-db.com/indices/I216/4h/2010?download=csv -O "./業種別株価指数 電気機器_前場後場_2010.csv"; sleep 4; | R72: ="wget --user-agent Mozilla/4.0 http://k-db.com" & $B72 & "/4h/" & R$2 & "?download=csv -O ""./" & $A72 & "_" & $N$1 & "_" & G$2 & ".csv""; sleep 4;" -> wget --user-agent Mozilla/4.0 http://k-db.com/indices/I216/4h/2011?download=csv -O "./業種別株価指数 電気機器_前場後場_2011.csv"; sleep 4; | S72: ="wget --user-agent Mozilla/4.0 http://k-db.com" & $B72 & "/4h/" & S$2 & "?download=csv -O ""./" & $A72 & "_" & $N$1 & "_" & H$2 & ".csv""; sleep 4;" -> wget --user-agent Mozilla/4.0 http://k-db.com/indices/I216/4h/2012?download=csv -O "./業種別株価指数 電気機器_前場後場_2012.csv"; sleep 4; | T72: ="wget --user-agent Mozilla/4.0 http://k-db.com" & $B72 & "/4h/" & T$2 & "?download=csv -O ""./" & $A72 & "_" & $N$1 & "_" & I$2 & ".csv""; sleep 4;" -> wget --user-agent Mozilla/4.0 http://k-db.com/indices/I216/4h/2013?download=csv -O "./業種別株価指数 電気機器_前場後場_2013.csv"; sleep 4; | U72: ="wget --user-agent Mozilla/4.0 http://k-db.com" & $B72 & "/4h/" & U$2 & "?download=csv -O ""./" & $A72 & "_" & $N$1 & "_" & J$2 & ".csv""; sleep 4;" -> wget --user-agent Mozilla/4.0 http://k-db.com/indices/I216/4h/2014?download=csv -O "./業種別株価指数 電気機器_前場後場_2014.csv"; sleep 4; | ... X72: ="wget --user-agent Mozilla/4.0 http://k-db.com" & $B72 & "/4h/" & X$2 & "?download=csv -O ""./" & $A72 & "_" & $N$1 & "_" & M$2 & ".csv""; sleep 4;" -> wget --user-agent Mozilla/4.0 http://k-db.com/indices/I216/4h/2017?download=csv -O "./業種別株価指数 電気機器_前場後場_2017.csv"; sleep 4;
A73: 業種別株価指数 輸送用機器 | B73: /indices/I217 | C73: ="wget --user-agent Mozilla/4.0 http://k-db.com" & $B73 & "/1d/" & C$2 & "?download=csv -O ""./" & $A73 & "_" & $C$1 & "_" & C$2 & ".csv""; sleep 4;" -> wget --user-agent Mozilla/4.0 http://k-db.com/indices/I217/1d/2007?download=csv -O "./業種別株価指数 輸送用機器_日足_2007.csv"; sleep 4; | D73: ="wget --user-agent Mozilla/4.0 http://k-db.com" & $B73 & "/1d/" & D$2 & "?download=csv -O ""./" & $A73 & "_" & $C$1 & "_" & D$2 & ".csv""; sleep 4;" -> wget --user-agent Mozilla/4.0 http://k-db.com/indices/I217/1d/2008?download=csv -O "./業種別株価指数 輸送用機器_日足_2008.csv"; sleep 4; | E73: ="wget --user-agent Mozilla/4.0 http://k-db.com" & $B73 & "/1d/" & E$2 & "?download=csv -O ""./" & $A73 & "_" & $C$1 & "_" & E$2 & ".csv""; sleep 4;" -> wget --user-agent Mozilla/4.0 http://k-db.com/indices/I217/1d/2009?download=csv -O "./業種別株価指数 輸送用機器_日足_2009.csv"; sleep 4; | F73: ="wget --user-agent Mozilla/4.0 http://k-db.com" & $B73 & "/1d/" & F$2 & "?download=csv -O ""./" & $A73 & "_" & $C$1 & "_" & F$2 & ".csv""; sleep 4;" -> wget --user-agent Mozilla/4.0 http://k-db.com/indices/I217/1d/2010?download=csv -O "./業種別株価指数 輸送用機器_日足_2010.csv"; sleep 4; | G73: ="wget --user-agent Mozilla/4.0 http://k-db.com" & $B73 & "/1d/" & G$2 & "?download=csv -O ""./" & $A73 & "_" & $C$1 & "_" & G$2 & ".csv""; sleep 4;" -> wget --user-agent Mozilla/4.0 http://k-db.com/indices/I217/1d/2011?download=csv -O "./業種別株価指数 輸送用機器_日足_2011.csv"; sleep 4; | H73: ="wget --user-agent Mozilla/4.0 http://k-db.com" & $B73 & "/1d/" & H$2 & "?download=csv -O ""./" & $A73 & "_" & $C$1 & "_" & H$2 & ".csv""; sleep 4;" -> wget --user-agent Mozilla/4.0 http://k-db.com/indices/I217/1d/2012?download=csv -O "./業種別株価指数 輸送用機器_日足_2012.csv"; sleep 4; | I73: ="wget --user-agent Mozilla/4.0 http://k-db.com" & $B73 & "/1d/" & I$2 & "?download=csv -O ""./" & $A73 & "_" & $C$1 & "_" & I$2 & ".csv""; sleep 4;" -> wget --user-agent Mozilla/4.0 http://k-db.com/indices/I217/1d/2013?download=csv -O "./業種別株価指数 輸送用機器_日足_2013.csv"; sleep 4; | J73: ="wget --user-agent Mozilla/4.0 http://k-db.com" & $B73 & "/1d/" & J$2 & "?download=csv -O ""./" & $A73 & "_" & $C$1 & "_" & J$2 & ".csv""; sleep 4;" -> wget --user-agent Mozilla/4.0 http://k-db.com/indices/I217/1d/2014?download=csv -O "./業種別株価指数 輸送用機器_日足_2014.csv"; sleep 4; | ... M73: ="wget --user-agent Mozilla/4.0 http://k-db.com" & $B73 & "/1d/" & M$2 & "?download=csv -O ""./" & $A73 & "_" & $C$1 & "_" & M$2 & ".csv""; sleep 4;" -> wget --user-agent Mozilla/4.0 http://k-db.com/indices/I217/1d/2017?download=csv -O "./業種別株価指数 輸送用機器_日足_2017.csv"; sleep 4; | N73: ="wget --user-agent Mozilla/4.0 http://k-db.com" & $B73 & "/4h/" & N$2 & "?download=csv -O ""./" & $A73 & "_" & $N$1 & "_" & C$2 & ".csv""; sleep 4;" -> wget --user-agent Mozilla/4.0 http://k-db.com/indices/I217/4h/2007?download=csv -O "./業種別株価指数 輸送用機器_前場後場_2007.csv"; sleep 4; | O73: ="wget --user-agent Mozilla/4.0 http://k-db.com" & $B73 & "/4h/" & O$2 & "?download=csv -O ""./" & $A73 & "_" & $N$1 & "_" & D$2 & ".csv""; sleep 4;" -> wget --user-agent Mozilla/4.0 http://k-db.com/indices/I217/4h/2008?download=csv -O "./業種別株価指数 輸送用機器_前場後場_2008.csv"; sleep 4; | P73: ="wget --user-agent Mozilla/4.0 http://k-db.com" & $B73 & "/4h/" & P$2 & "?download=csv -O ""./" & $A73 & "_" & $N$1 & "_" & E$2 & ".csv""; sleep 4;" -> wget --user-agent Mozilla/4.0 http://k-db.com/indices/I217/4h/2009?download=csv -O "./業種別株価指数 輸送用機器_前場後場_2009.csv"; sleep 4; | Q73: ="wget --user-agent Mozilla/4.0 http://k-db.com" & $B73 & "/4h/" & Q$2 & "?download=csv -O ""./" & $A73 & "_" & $N$1 & "_" & F$2 & ".csv""; sleep 4;" -> wget --user-agent Mozilla/4.0 http://k-db.com/indices/I217/4h/2010?download=csv -O "./業種別株価指数 輸送用機器_前場後場_2010.csv"; sleep 4; | R73: ="wget --user-agent Mozilla/4.0 http://k-db.com" & $B73 & "/4h/" & R$2 & "?download=csv -O ""./" & $A73 & "_" & $N$1 & "_" & G$2 & ".csv""; sleep 4;" -> wget --user-agent Mozilla/4.0 http://k-db.com/indices/I217/4h/2011?download=csv -O "./業種別株価指数 輸送用機器_前場後場_2011.csv"; sleep 4; | S73: ="wget --user-agent Mozilla/4.0 http://k-db.com" & $B73 & "/4h/" & S$2 & "?download=csv -O ""./" & $A73 & "_" & $N$1 & "_" & H$2 & ".csv""; sleep 4;" -> wget --user-agent Mozilla/4.0 http://k-db.com/indices/I217/4h/2012?download=csv -O "./業種別株価指数 輸送用機器_前場後場_2012.csv"; sleep 4; | T73: ="wget --user-agent Mozilla/4.0 http://k-db.com" & $B73 & "/4h/" & T$2 & "?download=csv -O ""./" & $A73 & "_" & $N$1 & "_" & I$2 & ".csv""; sleep 4;" -> wget --user-agent Mozilla/4.0 http://k-db.com/indices/I217/4h/2013?download=csv -O "./業種別株価指数 輸送用機器_前場後場_2013.csv"; sleep 4; | U73: ="wget --user-agent Mozilla/4.0 http://k-db.com" & $B73 & "/4h/" & U$2 & "?download=csv -O ""./" & $A73 & "_" & $N$1 & "_" & J$2 & ".csv""; sleep 5;" -> wget --user-agent Mozilla/4.0 http://k-db.com/indices/I217/4h/2014?download=csv -O "./業種別株価指数 輸送用機器_前場後場_2014.csv"; sleep 5; | V73: ="wget --user-agent Mozilla/4.0 http://k-db.com" & $B73 & "/4h/" & V$2 & "?download=csv -O ""./" & $A73 & "_" & $N$1 & "_" & K$2 & ".csv""; sleep 5;" -> wget --user-agent Mozilla/4.0 http://k-db.com/indices/I217/4h/2015?download=csv -O "./業種別株価指数 輸送用機器_前場後場_2015.csv"; sleep 5; | W73: ="wget --user-agent Mozilla/4.0 http://k-db.com" & $B73 & "/4h/" & W$2 & "?download=csv -O ""./" & $A73 & "_" & $N$1 & "_" & L$2 & ".csv""; sleep 5;" -> wget --user-agent Mozilla/4.0 http://k-db.com/indices/I217/4h/2016?download=csv -O "./業種別株価指数 輸送用機器_前場後場_2016.csv"; sleep 5; | X73: ="wget --user-agent Mozilla/4.0 http://k-db.com" & $B73 & "/4h/" & X$2 & "?download=csv -O ""./" & $A73 & "_" & $N$1 & "_" & M$2 & ".csv""; sleep 5;" -> wget --user-agent Mozilla/4.0 http://k-db.com/indices/I217/4h/2017?download=csv -O "./業種別株価指数 輸送用機器_前場後場_2017.csv"; sleep 5;
A74: 業種別株価指数 精密機器 | B74: /indices/I218 | C74: ="wget --user-agent Mozilla/4.0 http://k-db.com" & $B74 & "/1d/" & C$2 & "?download=csv -O ""./" & $A74 & "_" & $C$1 & "_" & C$2 & ".csv""; sleep 5;" -> wget --user-agent Mozilla/4.0 http://k-db.com/indices/I218/1d/2007?download=csv -O "./業種別株価指数 精密機器_日足_2007.csv"; sleep 5; | D74: ="wget --user-agent Mozilla/4.0 http://k-db.com" & $B74 & "/1d/" & D$2 & "?download=csv -O ""./" & $A74 & "_" & $C$1 & "_" & D$2 & ".csv""; sleep 5;" -> wget --user-agent Mozilla/4.0 http://k-db.com/indices/I218/1d/2008?download=csv -O "./業種別株価指数 精密機器_日足_2008.csv"; sleep 5; | E74: ="wget --user-agent Mozilla/4.0 http://k-db.com" & $B74 & "/1d/" & E$2 & "?download=csv -O ""./" & $A74 & "_" & $C$1 & "_" & E$2 & ".csv""; sleep 5;" -> wget --user-agent Mozilla/4.0 http://k-db.com/indices/I218/1d/2009?download=csv -O "./業種別株価指数 精密機器_日足_2009.csv"; sleep 5; | F74: ="wget --user-agent Mozilla/4.0 http://k-db.com" & $B74 & "/1d/" & F$2 & "?download=csv -O ""./" & $A74 & "_" & $C$1 & "_" & F$2 & ".csv""; sleep 5;" -> wget --user-agent Mozilla/4.0 http://k-db.com/indices/I218/1d/2010?download=csv -O "./業種別株価指数 精密機器_日足_2010.csv"; sleep 5; | G74: ="wget --user-agent Mozilla/4.0 http://k-db.com" & $B74 & "/1d/" & G$2 & "?download=csv -O ""./" & $A74 & "_" & $C$1 & "_" & G$2 & ".csv""; sleep 5;" -> wget --user-agent Mozilla/4.0 http://k-db.com/indices/I218/1d/2011?download=csv -O "./業種別株価指数 精密機器_日足_2011.csv"; sleep 5; | H74: ="wget --user-agent Mozilla/4.0 http://k-db.com" & $B74 & "/1d/" & H$2 & "?download=csv -O ""./" & $A74 & "_" & $C$1 & "_" & H$2 & ".csv""; sleep 5;" -> wget --user-agent Mozilla/4.0 http://k-db.com/indices/I218/1d/2012?download=csv -O "./業種別株価指数 精密機器_日足_2012.csv"; sleep 5; | I74: ="wget --user-agent Mozilla/4.0 http://k-db.com" & $B74 & "/1d/" & I$2 & "?download=csv -O ""./" & $A74 & "_" & $C$1 & "_" & I$2 & ".csv""; sleep 5;" -> wget --user-agent Mozilla/4.0 http://k-db.com/indices/I218/1d/2013?download=csv -O "./業種別株価指数 精密機器_日足_2013.csv"; sleep 5; | J74: ="wget --user-agent Mozilla/4.0 http://k-db.com" & $B74 & "/1d/" & J$2 & "?download=csv -O ""./" & $A74 & "_" & $C$1 & "_" & J$2 & ".csv""; sleep 5;" -> wget --user-agent Mozilla/4.0 http://k-db.com/indices/I218/1d/2014?download=csv -O "./業種別株価指数 精密機器_日足_2014.csv"; sleep 5; | ... M74: ="wget --user-agent Mozilla/4.0 http://k-db.com" & $B74 & "/1d/" & M$2 & "?download=csv -O ""./" & $A74 & "_" & $C$1 & "_" & M$2 & ".csv""; sleep 5;" -> wget --user-agent Mozilla/4.0 http://k-db.com/indices/I218/1d/2017?download=csv -O "./業種別株価指数 精密機器_日足_2017.csv"; sleep 5; | N74: ="wget --user-agent Mozilla/4.0 http://k-db.com" & $B74 & "/4h/" & N$2 & "?download=csv -O ""./" & $A74 & "_" & $N$1 & "_" & C$2 & ".csv""; sleep 5;" -> wget --user-agent Mozilla/4.0 http://k-db.com/indices/I218/4h/2007?download=csv -O "./業種別株価指数 精密機器_前場後場_2007.csv"; sleep 5; | O74: ="wget --user-agent Mozilla/4.0 http://k-db.com" & $B74 & "/4h/" & O$2 & "?download=csv -O ""./" & $A74 & "_" & $N$1 & "_" & D$2 & ".csv""; sleep 5;" -> wget --user-agent Mozilla/4.0 http://k-db.com/indices/I218/4h/2008?download=csv -O "./業種別株価指数 精密機器_前場後場_2008.csv"; sleep 5; | P74: ="wget --user-agent Mozilla/4.0 http://k-db.com" & $B74 & "/4h/" & P$2 & "?download=csv -O ""./" & $A74 & "_" & $N$1 & "_" & E$2 & ".csv""; sleep 5;" -> wget --user-agent Mozilla/4.0 http://k-db.com/indices/I218/4h/2009?download=csv -O "./業種別株価指数 精密機器_前場後場_2009.csv"; sleep 5; | Q74: ="wget --user-agent Mozilla/4.0 http://k-db.com" & $B74 & "/4h/" & Q$2 & "?download=csv -O ""./" & $A74 & "_" & $N$1 & "_" & F$2 & ".csv""; sleep 5;" -> wget --user-agent Mozilla/4.0 http://k-db.com/indices/I218/4h/2010?download=csv -O "./業種別株価指数 精密機器_前場後場_2010.csv"; sleep 5; | R74: ="wget --user-agent Mozilla/4.0 http://k-db.com" & $B74 & "/4h/" & R$2 & "?download=csv -O ""./" & $A74 & "_" & $N$1 & "_" & G$2 & ".csv""; sleep 5;" -> wget --user-agent Mozilla/4.0 http://k-db.com/indices/I218/4h/2011?download=csv -O "./業種別株価指数 精密機器_前場後場_2011.csv"; sleep 5; | S74: ="wget --user-agent Mozilla/4.0 http://k-db.com" & $B74 & "/4h/" & S$2 & "?download=csv -O ""./" & $A74 & "_" & $N$1 & "_" & H$2 & ".csv""; sleep 5;" -> wget --user-agent Mozilla/4.0 http://k-db.com/indices/I218/4h/2012?download=csv -O "./業種別株価指数 精密機器_前場後場_2012.csv"; sleep 5; | T74: ="wget --user-agent Mozilla/4.0 http://k-db.com" & $B74 & "/4h/" & T$2 & "?download=csv -O ""./" & $A74 & "_" & $N$1 & "_" & I$2 & ".csv""; sleep 5;" -> wget --user-agent Mozilla/4.0 http://k-db.com/indices/I218/4h/2013?download=csv -O "./業種別株価指数 精密機器_前場後場_2013.csv"; sleep 5; | U74: ="wget --user-agent Mozilla/4.0 http://k-db.com" & $B74 & "/4h/" & U$2 & "?download=csv -O ""./" & $A74 & "_" & $N$1 & "_" & J$2 & ".csv""; sleep 5;" -> wget --user-agent Mozilla/4.0 http://k-db.com/indices/I218/4h/2014?download=csv -O "./業種別株価指数 精密機器_前場後場_2014.csv"; sleep 5; | ... X74: ="wget --user-agent Mozilla/4.0 http://k-db.com" & $B74 & "/4h/" & X$2 & "?download=csv -O ""./" & $A74 & "_" & $N$1 & "_" & M$2 & ".csv""; sleep 5;" -> wget --user-agent Mozilla/4.0 http://k-db.com/indices/I218/4h/2017?download=csv -O "./業種別株価指数 精密機器_前場後場_2017.csv"; sleep 5;
A75: 業種別株価指数 その他製品 | B75: /indices/I219 | C75: ="wget --user-agent Mozilla/4.0 http://k-db.com" & $B75 & "/1d/" & C$2 & "?download=csv -O ""./" & $A75 & "_" & $C$1 & "_" & C$2 & ".csv""; sleep 5;" -> wget --user-agent Mozilla/4.0 http://k-db.com/indices/I219/1d/2007?download=csv -O "./業種別株価指数 その他製品_日足_2007.csv"; sleep 5; | D75: ="wget --user-agent Mozilla/4.0 http://k-db.com" & $B75 & "/1d/" & D$2 & "?download=csv -O ""./" & $A75 & "_" & $C$1 & "_" & D$2 & ".csv""; sleep 5;" -> wget --user-agent Mozilla/4.0 http://k-db.com/indices/I219/1d/2008?download=csv -O "./業種別株価指数 その他製品_日足_2008.csv"; sleep 5; | E75: ="wget --user-agent Mozilla/4.0 http://k-db.com" & $B75 & "/1d/" & E$2 & "?download=csv -O ""./" & $A75 & "_" & $C$1 & "_" & E$2 & ".csv""; sleep 5;" -> wget --user-agent Mozilla/4.0 http://k-db.com/indices/I219/1d/2009?download=csv -O "./業種別株価指数 その他製品_日足_2009.csv"; sleep 5; | F75: ="wget --user-agent Mozilla/4.0 http://k-db.com" & $B75 & "/1d/" & F$2 & "?download=csv -O ""./" & $A75 & "_" & $C$1 & "_" & F$2 & ".csv""; sleep 5;" -> wget --user-agent Mozilla/4.0 http://k-db.com/indices/I219/1d/2010?download=csv -O "./業種別株価指数 その他製品_日足_2010.csv"; sleep 5; | G75: ="wget --user-agent Mozilla/4.0 http://k-db.com" & $B75 & "/1d/" & G$2 & "?download=csv -O ""./" & $A75 & "_" & $C$1 & "_" & G$2 & ".csv""; sleep 5;" -> wget --user-agent Mozilla/4.0 http://k-db.com/indices/I219/1d/2011?download=csv -O "./業種別株価指数 その他製品_日足_2011.csv"; sleep 5; | H75: ="wget --user-agent Mozilla/4.0 http://k-db.com" & $B75 & "/1d/" & H$2 & "?download=csv -O ""./" & $A75 & "_" & $C$1 & "_" & H$2 & ".csv""; sleep 5;" -> wget --user-agent Mozilla/4.0 http://k-db.com/indices/I219/1d/2012?download=csv -O "./業種別株価指数 その他製品_日足_2012.csv"; sleep 5; | I75: ="wget --user-agent Mozilla/4.0 http://k-db.com" & $B75 & "/1d/" & I$2 & "?download=csv -O ""./" & $A75 & "_" & $C$1 & "_" & I$2 & ".csv""; sleep 5;" -> wget --user-agent Mozilla/4.0 http://k-db.com/indices/I219/1d/2013?download=csv -O "./業種別株価指数 その他製品_日足_2013.csv"; sleep 5; | J75: ="wget --user-agent Mozilla/4.0 http://k-db.com" & $B75 & "/1d/" & J$2 & "?download=csv -O ""./" & $A75 & "_" & $C$1 & "_" & J$2 & ".csv""; sleep 5;" -> wget --user-agent Mozilla/4.0 http://k-db.com/indices/I219/1d/2014?download=csv -O "./業種別株価指数 その他製品_日足_2014.csv"; sleep 5; | ... M75: ="wget --user-agent Mozilla/4.0 http://k-db.com" & $B75 & "/1d/" & M$2 & "?download=csv -O ""./" & $A75 & "_" & $C$1 & "_" & M$2 & ".csv""; sleep 5;" -> wget --user-agent Mozilla/4.0 http://k-db.com/indices/I219/1d/2017?download=csv -O "./業種別株価指数 その他製品_日足_2017.csv"; sleep 5; | N75: ="wget --user-agent Mozilla/4.0 http://k-db.com" & $B75 & "/4h/" & N$2 & "?download=csv -O ""./" & $A75 & "_" & $N$1 & "_" & C$2 & ".csv""; sleep 5;" -> wget --user-agent Mozilla/4.0 http://k-db.com/indices/I219/4h/2007?download=csv -O "./業種別株価指数 その他製品_前場後場_2007.csv"; sleep 5; | O75: ="wget --user-agent Mozilla/4.0 http://k-db.com" & $B75 & "/4h/" & O$2 & "?download=csv -O ""./" & $A75 & "_" & $N$1 & "_" & D$2 & ".csv""; sleep 5;" -> wget --user-agent Mozilla/4.0 http://k-db.com/indices/I219/4h/2008?download=csv -O "./業種別株価指数 その他製品_前場後場_2008.csv"; sleep 5; | P75: ="wget --user-agent Mozilla/4.0 http://k-db.com" & $B75 & "/4h/" & P$2 & "?download=csv -O ""./" & $A75 & "_" & $N$1 & "_" & E$2 & ".csv""; sleep 5;" -> wget --user-agent Mozilla/4.0 http://k-db.com/indices/I219/4h/2009?download=csv -O "./業種別株価指数 その他製品_前場後場_2009.csv"; sleep 5; | Q75: ="wget --user-agent Mozilla/4.0 http://k-db.com" & $B75 & "/4h/" & Q$2 & "?download=csv -O ""./" & $A75 & "_" & $N$1 & "_" & F$2 & ".csv""; sleep 5;" -> wget --user-agent Mozilla/4.0 http://k-db.com/indices/I219/4h/2010?download=csv -O "./業種別株価指数 その他製品_前場後場_2010.csv"; sleep 5; | R75: ="wget --user-agent Mozilla/4.0 http://k-db.com" & $B75 & "/4h/" & R$2 & "?download=csv -O ""./" & $A75 & "_" & $N$1 & "_" & G$2 & ".csv""; sleep 5;" -> wget --user-agent Mozilla/4.0 http://k-db.com/indices/I219/4h/2011?download=csv -O "./業種別株価指数 その他製品_前場後場_2011.csv"; sleep 5; | S75: ="wget --user-agent Mozilla/4.0 http://k-db.com" & $B75 & "/4h/" & S$2 & "?download=csv -O ""./" & $A75 & "_" & $N$1 & "_" & H$2 & ".csv""; sleep 5;" -> wget --user-agent Mozilla/4.0 http://k-db.com/indices/I219/4h/2012?download=csv -O "./業種別株価指数 その他製品_前場後場_2012.csv"; sleep 5; | T75: ="wget --user-agent Mozilla/4.0 http://k-db.com" & $B75 & "/4h/" & T$2 & "?download=csv -O ""./" & $A75 & "_" & $N$1 & "_" & I$2 & ".csv""; sleep 5;" -> wget --user-agent Mozilla/4.0 http://k-db.com/indices/I219/4h/2013?download=csv -O "./業種別株価指数 その他製品_前場後場_2013.csv"; sleep 5; | U75: ="wget --user-agent Mozilla/4.0 http://k-db.com" & $B75 & "/4h/" & U$2 & "?download=csv -O ""./" & $A75 & "_" & $N$1 & "_" & J$2 & ".csv""; sleep 5;" -> wget --user-agent Mozilla/4.0 http://k-db.com/indices/I219/4h/2014?download=csv -O "./業種別株価指数 その他製品_前場後場_2014.csv"; sleep 5; | ... X75: ="wget --user-agent Mozilla/4.0 http://k-db.com" & $B75 & "/4h/" & X$2 & "?download=csv -O ""./" & $A75 & "_" & $N$1 & "_" & M$2 & ".csv""; sleep 5;" -> wget --user-agent Mozilla/4.0 http://k-db.com/indices/I219/4h/2017?download=csv -O "./業種別株価指数 その他製品_前場後場_2017.csv"; sleep 5;
A76: 業種別株価指数 電気・ガス業 | B76: /indices/I220 | C76: ="wget --user-agent Mozilla/4.0 http://k-db.com" & $B76 & "/1d/" & C$2 & "?download=csv -O ""./" & $A76 & "_" & $C$1 & "_" & C$2 & ".csv""; sleep 5;" -> wget --user-agent Mozilla/4.0 http://k-db.com/indices/I220/1d/2007?download=csv -O "./業種別株価指数 電気・ガス業_日足_2007.csv"; sleep 5; | D76: ="wget --user-agent Mozilla/4.0 http://k-db.com" & $B76 & "/1d/" & D$2 & "?download=csv -O ""./" & $A76 & "_" & $C$1 & "_" & D$2 & ".csv""; sleep 5;" -> wget --user-agent Mozilla/4.0 http://k-db.com/indices/I220/1d/2008?download=csv -O "./業種別株価指数 電気・ガス業_日足_2008.csv"; sleep 5; | E76: ="wget --user-agent Mozilla/4.0 http://k-db.com" & $B76 & "/1d/" & E$2 & "?download=csv -O ""./" & $A76 & "_" & $C$1 & "_" & E$2 & ".csv""; sleep 5;" -> wget --user-agent Mozilla/4.0 http://k-db.com/indices/I220/1d/2009?download=csv -O "./業種別株価指数 電気・ガス業_日足_2009.csv"; sleep 5; | F76: ="wget --user-agent Mozilla/4.0 http://k-db.com" & $B76 & "/1d/" & F$2 & "?download=csv -O ""./" & $A76 & "_" & $C$1 & "_" & F$2 & ".csv""; sleep 5;" -> wget --user-agent Mozilla/4.0 http://k-db.com/indices/I220/1d/2010?download=csv -O "./業種別株価指数 電気・ガス業_日足_2010.csv"; sleep 5; | G76: ="wget --user-agent Mozilla/4.0 http://k-db.com" & $B76 & "/1d/" & G$2 & "?download=csv -O ""./" & $A76 & "_" & $C$1 & "_" & G$2 & ".csv""; sleep 5;" -> wget --user-agent Mozilla/4.0 http://k-db.com/indices/I220/1d/2011?download=csv -O "./業種別株価指数 電気・ガス業_日足_2011.csv"; sleep 5; | H76: ="wget --user-agent Mozilla/4.0 http://k-db.com" & $B76 & "/1d/" & H$2 & "?download=csv -O ""./" & $A76 & "_" & $C$1 & "_" & H$2 & ".csv""; sleep 5;" -> wget --user-agent Mozilla/4.0 http://k-db.com/indices/I220/1d/2012?download=csv -O "./業種別株価指数 電気・ガス業_日足_2012.csv"; sleep 5; | I76: ="wget --user-agent Mozilla/4.0 http://k-db.com" & $B76 & "/1d/" & I$2 & "?download=csv -O ""./" & $A76 & "_" & $C$1 & "_" & I$2 & ".csv""; sleep 5;" -> wget --user-agent Mozilla/4.0 http://k-db.com/indices/I220/1d/2013?download=csv -O "./業種別株価指数 電気・ガス業_日足_2013.csv"; sleep 5; | J76: ="wget --user-agent Mozilla/4.0 http://k-db.com" & $B76 & "/1d/" & J$2 & "?download=csv -O ""./" & $A76 & "_" & $C$1 & "_" & J$2 & ".csv""; sleep 5;" -> wget --user-agent Mozilla/4.0 http://k-db.com/indices/I220/1d/2014?download=csv -O "./業種別株価指数 電気・ガス業_日足_2014.csv"; sleep 5; | ... M76: ="wget --user-agent Mozilla/4.0 http://k-db.com" & $B76 & "/1d/" & M$2 & "?download=csv -O ""./" & $A76 & "_" & $C$1 & "_" & M$2 & ".csv""; sleep 5;" -> wget --user-agent Mozilla/4.0 http://k-db.com/indices/I220/1d/2017?download=csv -O "./業種別株価指数 電気・ガス業_日足_2017.csv"; sleep 5; | N76: ="wget --user-agent Mozilla/4.0 http://k-db.com" & $B76 & "/4h/" & N$2 & "?download=csv -O ""./" & $A76 & "_" & $N$1 & "_" & C$2 & ".csv""; sleep 5;" -> wget --user-agent Mozilla/4.0 http://k-db.com/indices/I220/4h/2007?download=csv -O "./業種別株価指数 電気・ガス業_前場後場_2007.csv"; sleep 5; | O76: ="wget --user-agent Mozilla/4.0 http://k-db.com" & $B76 & "/4h/" & O$2 & "?download=csv -O ""./" & $A76 & "_" & $N$1 & "_" & D$2 & ".csv""; sleep 5;" -> wget --user-agent Mozilla/4.0 http://k-db.com/indices/I220/4h/2008?download=csv -O "./業種別株価指数 電気・ガス業_前場後場_2008.csv"; sleep 5; | P76: ="wget --user-agent Mozilla/4.0 http://k-db.com" & $B76 & "/4h/" & P$2 & "?download=csv -O ""./" & $A76 & "_" & $N$1 & "_" & E$2 & ".csv""; sleep 5;" -> wget --user-agent Mozilla/4.0 http://k-db.com/indices/I220/4h/2009?download=csv -O "./業種別株価指数 電気・ガス業_前場後場_2009.csv"; sleep 5; | Q76: ="wget --user-agent Mozilla/4.0 http://k-db.com" & $B76 & "/4h/" & Q$2 & "?download=csv -O ""./" & $A76 & "_" & $N$1 & "_" & F$2 & ".csv""; sleep 5;" -> wget --user-agent Mozilla/4.0 http://k-db.com/indices/I220/4h/2010?download=csv -O "./業種別株価指数 電気・ガス業_前場後場_2010.csv"; sleep 5; | R76: ="wget --user-agent Mozilla/4.0 http://k-db.com" & $B76 & "/4h/" & R$2 & "?download=csv -O ""./" & $A76 & "_" & $N$1 & "_" & G$2 & ".csv""; sleep 5;" -> wget --user-agent Mozilla/4.0 http://k-db.com/indices/I220/4h/2011?download=csv -O "./業種別株価指数 電気・ガス業_前場後場_2011.csv"; sleep 5; | S76: ="wget --user-agent Mozilla/4.0 http://k-db.com" & $B76 & "/4h/" & S$2 & "?download=csv -O ""./" & $A76 & "_" & $N$1 & "_" & H$2 & ".csv""; sleep 5;" -> wget --user-agent Mozilla/4.0 http://k-db.com/indices/I220/4h/2012?download=csv -O "./業種別株価指数 電気・ガス業_前場後場_2012.csv"; sleep 5; | T76: ="wget --user-agent Mozilla/4.0 http://k-db.com" & $B76 & "/4h/" & T$2 & "?download=csv -O ""./" & $A76 & "_" & $N$1 & "_" & I$2 & ".csv""; sleep 5;" -> wget --user-agent Mozilla/4.0 http://k-db.com/indices/I220/4h/2013?download=csv -O "./業種別株価指数 電気・ガス業_前場後場_2013.csv"; sleep 5; | U76: ="wget --user-agent Mozilla/4.0 http://k-db.com" & $B76 & "/4h/" & U$2 & "?download=csv -O ""./" & $A76 & "_" & $N$1 & "_" & J$2 & ".csv""; sleep 5;" -> wget --user-agent Mozilla/4.0 http://k-db.com/indices/I220/4h/2014?download=csv -O "./業種別株価指数 電気・ガス業_前場後場_2014.csv"; sleep 5; | ... X76: ="wget --user-agent Mozilla/4.0 http://k-db.com" & $B76 & "/4h/" & X$2 & "?download=csv -O ""./" & $A76 & "_" & $N$1 & "_" & M$2 & ".csv""; sleep 5;" -> wget --user-agent Mozilla/4.0 http://k-db.com/indices/I220/4h/2017?download=csv -O "./業種別株価指数 電気・ガス業_前場後場_2017.csv"; sleep 5;
A77: 業種別株価指数 陸運業 | B77: /indices/I221 | C77: ="wget --user-agent Mozilla/4.0 http://k-db.com" & $B77 & "/1d/" & C$2 & "?download=csv -O ""./" & $A77 & "_" & $C$1 & "_" & C$2 & ".csv""; sleep 5;" -> wget --user-agent Mozilla/4.0 http://k-db.com/indices/I221/1d/2007?download=csv -O "./業種別株価指数 陸運業_日足_2007.csv"; sleep 5; | D77: ="wget --user-agent Mozilla/4.0 http://k-db.com" & $B77 & "/1d/" & D$2 & "?download=csv -O ""./" & $A77 & "_" & $C$1 & "_" & D$2 & ".csv""; sleep 5;" -> wget --user-agent Mozilla/4.0 http://k-db.com/indices/I221/1d/2008?download=csv -O "./業種別株価指数 陸運業_日足_2008.csv"; sleep 5; | E77: ="wget --user-agent Mozilla/4.0 http://k-db.com" & $B77 & "/1d/" & E$2 & "?download=csv -O ""./" & $A77 & "_" & $C$1 & "_" & E$2 & ".csv""; sleep 5;" -> wget --user-agent Mozilla/4.0 http://k-db.com/indices/I221/1d/2009?download=csv -O "./業種別株価指数 陸運業_日足_2009.csv"; sleep 5; | F77: ="wget --user-agent Mozilla/4.0 http://k-db.com" & $B77 & "/1d/" & F$2 & "?download=csv -O ""./" & $A77 & "_" & $C$1 & "_" & F$2 & ".csv""; sleep 5;" -> wget --user-agent Mozilla/4.0 http://k-db.com/indices/I221/1d/2010?download=csv -O "./業種別株価指数 陸運業_日足_2010.csv"; sleep 5; | G77: ="wget --user-agent Mozilla/4.0 http://k-db.com" & $B77 & "/1d/" & G$2 & "?download=csv -O ""./" & $A77 & "_" & $C$1 & "_" & G$2 & ".csv""; sleep 5;" -> wget --user-agent Mozilla/4.0 http://k-db.com/indices/I221/1d/2011?download=csv -O "./業種別株価指数 陸運業_日足_2011.csv"; sleep 5; | H77: ="wget --user-agent Mozilla/4.0 http://k-db.com" & $B77 & "/1d/" & H$2 & "?download=csv -O ""./" & $A77 & "_" & $C$1 & "_" & H$2 & ".csv""; sleep 5;" -> wget --user-agent Mozilla/4.0 http://k-db.com/indices/I221/1d/2012?download=csv -O "./業種別株価指数 陸運業_日足_2012.csv"; sleep 5; | I77: ="wget --user-agent Mozilla/4.0 http://k-db.com" & $B77 & "/1d/" & I$2 & "?download=csv -O ""./" & $A77 & "_" & $C$1 & "_" & I$2 & ".csv""; sleep 5;" -> wget --user-agent Mozilla/4.0 http://k-db.com/indices/I221/1d/2013?download=csv -O "./業種別株価指数 陸運業_日足_2013.csv"; sleep 5; | J77: ="wget --user-agent Mozilla/4.0 http://k-db.com" & $B77 & "/1d/" & J$2 & "?download=csv -O ""./" & $A77 & "_" & $C$1 & "_" & J$2 & ".csv""; sleep 5;" -> wget --user-agent Mozilla/4.0 http://k-db.com/indices/I221/1d/2014?download=csv -O "./業種別株価指数 陸運業_日足_2014.csv"; sleep 5; | ... M77: ="wget --user-agent Mozilla/4.0 http://k-db.com" & $B77 & "/1d/" & M$2 & "?download=csv -O ""./" & $A77 & "_" & $C$1 & "_" & M$2 & ".csv""; sleep 5;" -> wget --user-agent Mozilla/4.0 http://k-db.com/indices/I221/1d/2017?download=csv -O "./業種別株価指数 陸運業_日足_2017.csv"; sleep 5; | N77: ="wget --user-agent Mozilla/4.0 http://k-db.com" & $B77 & "/4h/" & N$2 & "?download=csv -O ""./" & $A77 & "_" & $N$1 & "_" & C$2 & ".csv""; sleep 5;" -> wget --user-agent Mozilla/4.0 http://k-db.com/indices/I221/4h/2007?download=csv -O "./業種別株価指数 陸運業_前場後場_2007.csv"; sleep 5; | O77: ="wget --user-agent Mozilla/4.0 http://k-db.com" & $B77 & "/4h/" & O$2 & "?download=csv -O ""./" & $A77 & "_" & $N$1 & "_" & D$2 & ".csv""; sleep 5;" -> wget --user-agent Mozilla/4.0 http://k-db.com/indices/I221/4h/2008?download=csv -O "./業種別株価指数 陸運業_前場後場_2008.csv"; sleep 5; | P77: ="wget --user-agent Mozilla/4.0 http://k-db.com" & $B77 & "/4h/" & P$2 & "?download=csv -O ""./" & $A77 & "_" & $N$1 & "_" & E$2 & ".csv""; sleep 5;" -> wget --user-agent Mozilla/4.0 http://k-db.com/indices/I221/4h/2009?download=csv -O "./業種別株価指数 陸運業_前場後場_2009.csv"; sleep 5; | Q77: ="wget --user-agent Mozilla/4.0 http://k-db.com" & $B77 & "/4h/" & Q$2 & "?download=csv -O ""./" & $A77 & "_" & $N$1 & "_" & F$2 & ".csv""; sleep 5;" -> wget --user-agent Mozilla/4.0 http://k-db.com/indices/I221/4h/2010?download=csv -O "./業種別株価指数 陸運業_前場後場_2010.csv"; sleep 5; | R77: ="wget --user-agent Mozilla/4.0 http://k-db.com" & $B77 & "/4h/" & R$2 & "?download=csv -O ""./" & $A77 & "_" & $N$1 & "_" & G$2 & ".csv""; sleep 5;" -> wget --user-agent Mozilla/4.0 http://k-db.com/indices/I221/4h/2011?download=csv -O "./業種別株価指数 陸運業_前場後場_2011.csv"; sleep 5; | S77: ="wget --user-agent Mozilla/4.0 http://k-db.com" & $B77 & "/4h/" & S$2 & "?download=csv -O ""./" & $A77 & "_" & $N$1 & "_" & H$2 & ".csv""; sleep 5;" -> wget --user-agent Mozilla/4.0 http://k-db.com/indices/I221/4h/2012?download=csv -O "./業種別株価指数 陸運業_前場後場_2012.csv"; sleep 5; | T77: ="wget --user-agent Mozilla/4.0 http://k-db.com" & $B77 & "/4h/" & T$2 & "?download=csv -O ""./" & $A77 & "_" & $N$1 & "_" & I$2 & ".csv""; sleep 5;" -> wget --user-agent Mozilla/4.0 http://k-db.com/indices/I221/4h/2013?download=csv -O "./業種別株価指数 陸運業_前場後場_2013.csv"; sleep 5; | U77: ="wget --user-agent Mozilla/4.0 http://k-db.com" & $B77 & "/4h/" & U$2 & "?download=csv -O ""./" & $A77 & "_" & $N$1 & "_" & J$2 & ".csv""; sleep 5;" -> wget --user-agent Mozilla/4.0 http://k-db.com/indices/I221/4h/2014?download=csv -O "./業種別株価指数 陸運業_前場後場_2014.csv"; sleep 5; | ... X77: ="wget --user-agent Mozilla/4.0 http://k-db.com" & $B77 & "/4h/" & X$2 & "?download=csv -O ""./" & $A77 & "_" & $N$1 & "_" & M$2 & ".csv""; sleep 5;" -> wget --user-agent Mozilla/4.0 http://k-db.com/indices/I221/4h/2017?download=csv -O "./業種別株価指数 陸運業_前場後場_2017.csv"; sleep 5;
A78: 業種別株価指数 海運業 | B78: /indices/I222 | C78: ="wget --user-agent Mozilla/4.0 http://k-db.com" & $B78 & "/1d/" & C$2 & "?download=csv -O ""./" & $A78 & "_" & $C$1 & "_" & C$2 & ".csv""; sleep 5;" -> wget --user-agent Mozilla/4.0 http://k-db.com/indices/I222/1d/2007?download=csv -O "./業種別株価指数 海運業_日足_2007.csv"; sleep 5; | D78: ="wget --user-agent Mozilla/4.0 http://k-db.com" & $B78 & "/1d/" & D$2 & "?download=csv -O ""./" & $A78 & "_" & $C$1 & "_" & D$2 & ".csv""; sleep 5;" -> wget --user-agent Mozilla/4.0 http://k-db.com/indices/I222/1d/2008?download=csv -O "./業種別株価指数 海運業_日足_2008.csv"; sleep 5; | E78: ="wget --user-agent Mozilla/4.0 http://k-db.com" & $B78 & "/1d/" & E$2 & "?download=csv -O ""./" & $A78 & "_" & $C$1 & "_" & E$2 & ".csv""; sleep 5;" -> wget --user-agent Mozilla/4.0 http://k-db.com/indices/I222/1d/2009?download=csv -O "./業種別株価指数 海運業_日足_2009.csv"; sleep 5; | F78: ="wget --user-agent Mozilla/4.0 http://k-db.com" & $B78 & "/1d/" & F$2 & "?download=csv -O ""./" & $A78 & "_" & $C$1 & "_" & F$2 & ".csv""; sleep 5;" -> wget --user-agent Mozilla/4.0 http://k-db.com/indices/I222/1d/2010?download=csv -O "./業種別株価指数 海運業_日足_2010.csv"; sleep 5; | G78: ="wget --user-agent Mozilla/4.0 http://k-db.com" & $B78 & "/1d/" & G$2 & "?download=csv -O ""./" & $A78 & "_" & $C$1 & "_" & G$2 & ".csv""; sleep 5;" -> wget --user-agent Mozilla/4.0 http://k-db.com/indices/I222/1d/2011?download=csv -O "./業種別株価指数 海運業_日足_2011.csv"; sleep 5; | H78: ="wget --user-agent Mozilla/4.0 http://k-db.com" & $B78 & "/1d/" & H$2 & "?download=csv -O ""./" & $A78 & "_" & $C$1 & "_" & H$2 & ".csv""; sleep 5;" -> wget --user-agent Mozilla/4.0 http://k-db.com/indices/I222/1d/2012?download=csv -O "./業種別株価指数 海運業_日足_2012.csv"; sleep 5; | I78: ="wget --user-agent Mozilla/4.0 http://k-db.com" & $B78 & "/1d/" & I$2 & "?download=csv -O ""./" & $A78 & "_" & $C$1 & "_" & I$2 & ".csv""; sleep 5;" -> wget --user-agent Mozilla/4.0 http://k-db.com/indices/I222/1d/2013?download=csv -O "./業種別株価指数 海運業_日足_2013.csv"; sleep 5; | J78: ="wget --user-agent Mozilla/4.0 http://k-db.com" & $B78 & "/1d/" & J$2 & "?download=csv -O ""./" & $A78 & "_" & $C$1 & "_" & J$2 & ".csv""; sleep 5;" -> wget --user-agent Mozilla/4.0 http://k-db.com/indices/I222/1d/2014?download=csv -O "./業種別株価指数 海運業_日足_2014.csv"; sleep 5; | ... M78: ="wget --user-agent Mozilla/4.0 http://k-db.com" & $B78 & "/1d/" & M$2 & "?download=csv -O ""./" & $A78 & "_" & $C$1 & "_" & M$2 & ".csv""; sleep 5;" -> wget --user-agent Mozilla/4.0 http://k-db.com/indices/I222/1d/2017?download=csv -O "./業種別株価指数 海運業_日足_2017.csv"; sleep 5; | N78: ="wget --user-agent Mozilla/4.0 http://k-db.com" & $B78 & "/4h/" & N$2 & "?download=csv -O ""./" & $A78 & "_" & $N$1 & "_" & C$2 & ".csv""; sleep 5;" -> wget --user-agent Mozilla/4.0 http://k-db.com/indices/I222/4h/2007?download=csv -O "./業種別株価指数 海運業_前場後場_2007.csv"; sleep 5; | O78: ="wget --user-agent Mozilla/4.0 http://k-db.com" & $B78 & "/4h/" & O$2 & "?download=csv -O ""./" & $A78 & "_" & $N$1 & "_" & D$2 & ".csv""; sleep 5;" -> wget --user-agent Mozilla/4.0 http://k-db.com/indices/I222/4h/2008?download=csv -O "./業種別株価指数 海運業_前場後場_2008.csv"; sleep 5; | P78: ="wget --user-agent Mozilla/4.0 http://k-db.com" & $B78 & "/4h/" & P$2 & "?download=csv -O ""./" & $A78 & "_" & $N$1 & "_" & E$2 & ".csv""; sleep 5;" -> wget --user-agent Mozilla/4.0 http://k-db.com/indices/I222/4h/2009?download=csv -O "./業種別株価指数 海運業_前場後場_2009.csv"; sleep 5; | Q78: ="wget --user-agent Mozilla/4.0 http://k-db.com" & $B78 & "/4h/" & Q$2 & "?download=csv -O ""./" & $A78 & "_" & $N$1 & "_" & F$2 & ".csv""; sleep 5;" -> wget --user-agent Mozilla/4.0 http://k-db.com/indices/I222/4h/2010?download=csv -O "./業種別株価指数 海運業_前場後場_2010.csv"; sleep 5; | R78: ="wget --user-agent Mozilla/4.0 http://k-db.com" & $B78 & "/4h/" & R$2 & "?download=csv -O ""./" & $A78 & "_" & $N$1 & "_" & G$2 & ".csv""; sleep 5;" -> wget --user-agent Mozilla/4.0 http://k-db.com/indices/I222/4h/2011?download=csv -O "./業種別株価指数 海運業_前場後場_2011.csv"; sleep 5; | S78: ="wget --user-agent Mozilla/4.0 http://k-db.com" & $B78 & "/4h/" & S$2 & "?download=csv -O ""./" & $A78 & "_" & $N$1 & "_" & H$2 & ".csv""; sleep 5;" -> wget --user-agent Mozilla/4.0 http://k-db.com/indices/I222/4h/2012?download=csv -O "./業種別株価指数 海運業_前場後場_2012.csv"; sleep 5; | T78: ="wget --user-agent Mozilla/4.0 http://k-db.com" & $B78 & "/4h/" & T$2 & "?download=csv -O ""./" & $A78 & "_" & $N$1 & "_" & I$2 & ".csv""; sleep 5;" -> wget --user-agent Mozilla/4.0 http://k-db.com/indices/I222/4h/2013?download=csv -O "./業種別株価指数 海運業_前場後場_2013.csv"; sleep 5; | U78: ="wget --user-agent Mozilla/4.0 http://k-db.com" & $B78 & "/4h/" & U$2 & "?download=csv -O ""./" & $A78 & "_" & $N$1 & "_" & J$2 & ".csv""; sleep 5;" -> wget --user-agent Mozilla/4.0 http://k-db.com/indices/I222/4h/2014?download=csv -O "./業種別株価指数 海運業_前場後場_2014.csv"; sleep 5; | ... X78: ="wget --user-agent Mozilla/4.0 http://k-db.com" & $B78 & "/4h/" & X$2 & "?download=csv -O ""./" & $A78 & "_" & $N$1 & "_" & M$2 & ".csv""; sleep 5;" -> wget --user-agent Mozilla/4.0 http://k-db.com/indices/I222/4h/2017?download=csv -O "./業種別株価指数 海運業_前場後場_2017.csv"; sleep 5;
A79: 業種別株価指数 空運業 | B79: /indices/I223 | C79: ="wget --user-agent Mozilla/4.0 http://k-db.com" & $B79 & "/1d/" & C$2 & "?download=csv -O ""./" & $A79 & "_" & $C$1 & "_" & C$2 & ".csv""; sleep 5;" -> wget --user-agent Mozilla/4.0 http://k-db.com/indices/I223/1d/2007?download=csv -O "./業種別株価指数 空運業_日足_2007.csv"; sleep 5; | D79: ="wget --user-agent Mozilla/4.0 http://k-db.com" & $B79 & "/1d/" & D$2 & "?download=csv -O ""./" & $A79 & "_" & $C$1 & "_" & D$2 & ".csv""; sleep 5;" -> wget --user-agent Mozilla/4.0 http://k-db.com/indices/I223/1d/2008?download=csv -O "./業種別株価指数 空運業_日足_2008.csv"; sleep 5; | E79: ="wget --user-agent Mozilla/4.0 http://k-db.com" & $B79 & "/1d/" & E$2 & "?download=csv -O ""./" & $A79 & "_" & $C$1 & "_" & E$2 & ".csv""; sleep 5;" -> wget --user-agent Mozilla/4.0 http://k-db.com/indices/I223/1d/2009?download=csv -O "./業種別株価指数 空運業_日足_2009.csv"; sleep 5; | F79: ="wget --user-agent Mozilla/4.0 http://k-db.com" & $B79 & "/1d/" & F$2 & "?download=csv -O ""./" & $A79 & "_" & $C$1 & "_" & F$2 & ".csv""; sleep 5;" -> wget --user-agent Mozilla/4.0 http://k-db.com/indices/I223/1d/2010?download=csv -O "./業種別株価指数 空運業_日足_2010.csv"; sleep 5; | G79: ="wget --user-agent Mozilla/4.0 http://k-db.com" & $B79 & "/1d/" & G$2 & "?download=csv -O ""./" & $A79 & "_" & $C$1 & "_" & G$2 & ".csv""; sleep 5;" -> wget --user-agent Mozilla/4.0 http://k-db.com/indices/I223/1d/2011?download=csv -O "./業種別株価指数 空運業_日足_2011.csv"; sleep 5; | H79: ="wget --user-agent Mozilla/4.0 http://k-db.com" & $B79 & "/1d/" & H$2 & "?download=csv -O ""./" & $A79 & "_" & $C$1 & "_" & H$2 & ".csv""; sleep 5;" -> wget --user-agent Mozilla/4.0 http://k-db.com/indices/I223/1d/2012?download=csv -O "./業種別株価指数 空運業_日足_2012.csv"; sleep 5; | I79: ="wget --user-agent Mozilla/4.0 http://k-db.com" & $B79 & "/1d/" & I$2 & "?download=csv -O ""./" & $A79 & "_" & $C$1 & "_" & I$2 & ".csv""; sleep 5;" -> wget --user-agent Mozilla/4.0 http://k-db.com/indices/I223/1d/2013?download=csv -O "./業種別株価指数 空運業_日足_2013.csv"; sleep 5; | J79: ="wget --user-agent Mozilla/4.0 http://k-db.com" & $B79 & "/1d/" & J$2 & "?download=csv -O ""./" & $A79 & "_" & $C$1 & "_" & J$2 & ".csv""; sleep 5;" -> wget --user-agent Mozilla/4.0 http://k-db.com/indices/I223/1d/2014?download=csv -O "./業種別株価指数 空運業_日足_2014.csv"; sleep 5; | ... M79: ="wget --user-agent Mozilla/4.0 http://k-db.com" & $B79 & "/1d/" & M$2 & "?download=csv -O ""./" & $A79 & "_" & $C$1 & "_" & M$2 & ".csv""; sleep 5;" -> wget --user-agent Mozilla/4.0 http://k-db.com/indices/I223/1d/2017?download=csv -O "./業種別株価指数 空運業_日足_2017.csv"; sleep 5; | N79: ="wget --user-agent Mozilla/4.0 http://k-db.com" & $B79 & "/4h/" & N$2 & "?download=csv -O ""./" & $A79 & "_" & $N$1 & "_" & C$2 & ".csv""; sleep 5;" -> wget --user-agent Mozilla/4.0 http://k-db.com/indices/I223/4h/2007?download=csv -O "./業種別株価指数 空運業_前場後場_2007.csv"; sleep 5; | O79: ="wget --user-agent Mozilla/4.0 http://k-db.com" & $B79 & "/4h/" & O$2 & "?download=csv -O ""./" & $A79 & "_" & $N$1 & "_" & D$2 & ".csv""; sleep 5;" -> wget --user-agent Mozilla/4.0 http://k-db.com/indices/I223/4h/2008?download=csv -O "./業種別株価指数 空運業_前場後場_2008.csv"; sleep 5; | P79: ="wget --user-agent Mozilla/4.0 http://k-db.com" & $B79 & "/4h/" & P$2 & "?download=csv -O ""./" & $A79 & "_" & $N$1 & "_" & E$2 & ".csv""; sleep 5;" -> wget --user-agent Mozilla/4.0 http://k-db.com/indices/I223/4h/2009?download=csv -O "./業種別株価指数 空運業_前場後場_2009.csv"; sleep 5; | Q79: ="wget --user-agent Mozilla/4.0 http://k-db.com" & $B79 & "/4h/" & Q$2 & "?download=csv -O ""./" & $A79 & "_" & $N$1 & "_" & F$2 & ".csv""; sleep 5;" -> wget --user-agent Mozilla/4.0 http://k-db.com/indices/I223/4h/2010?download=csv -O "./業種別株価指数 空運業_前場後場_2010.csv"; sleep 5; | R79: ="wget --user-agent Mozilla/4.0 http://k-db.com" & $B79 & "/4h/" & R$2 & "?download=csv -O ""./" & $A79 & "_" & $N$1 & "_" & G$2 & ".csv""; sleep 5;" -> wget --user-agent Mozilla/4.0 http://k-db.com/indices/I223/4h/2011?download=csv -O "./業種別株価指数 空運業_前場後場_2011.csv"; sleep 5; | S79: ="wget --user-agent Mozilla/4.0 http://k-db.com" & $B79 & "/4h/" & S$2 & "?download=csv -O ""./" & $A79 & "_" & $N$1 & "_" & H$2 & ".csv""; sleep 5;" -> wget --user-agent Mozilla/4.0 http://k-db.com/indices/I223/4h/2012?download=csv -O "./業種別株価指数 空運業_前場後場_2012.csv"; sleep 5; | T79: ="wget --user-agent Mozilla/4.0 http://k-db.com" & $B79 & "/4h/" & T$2 & "?download=csv -O ""./" & $A79 & "_" & $N$1 & "_" & I$2 & ".csv""; sleep 5;" -> wget --user-agent Mozilla/4.0 http://k-db.com/indices/I223/4h/2013?download=csv -O "./業種別株価指数 空運業_前場後場_2013.csv"; sleep 5; | U79: ="wget --user-agent Mozilla/4.0 http://k-db.com" & $B79 & "/4h/" & U$2 & "?download=csv -O ""./" & $A79 & "_" & $N$1 & "_" & J$2 & ".csv""; sleep 5;" -> wget --user-agent Mozilla/4.0 http://k-db.com/indices/I223/4h/2014?download=csv -O "./業種別株価指数 空運業_前場後場_2014.csv"; sleep 5; | ... X79: ="wget --user-agent Mozilla/4.0 http://k-db.com" & $B79 & "/4h/" & X$2 & "?download=csv -O ""./" & $A79 & "_" & $N$1 & "_" & M$2 & ".csv""; sleep 5;" -> wget --user-agent Mozilla/4.0 http://k-db.com/indices/I223/4h/2017?download=csv -O "./業種別株価指数 空運業_前場後場_2017.csv"; sleep 5;
A80: 業種別株価指数 倉庫運輸関連 | B80: /indices/I224 | C80: ="wget --user-agent Mozilla/4.0 http://k-db.com" & $B80 & "/1d/" & C$2 & "?download=csv -O ""./" & $A80 & "_" & $C$1 & "_" & C$2 & ".csv""; sleep 5;" -> wget --user-agent Mozilla/4.0 http://k-db.com/indices/I224/1d/2007?download=csv -O "./業種別株価指数 倉庫運輸関連_日足_2007.csv"; sleep 5; | D80: ="wget --user-agent Mozilla/4.0 http://k-db.com" & $B80 & "/1d/" & D$2 & "?download=csv -O ""./" & $A80 & "_" & $C$1 & "_" & D$2 & ".csv""; sleep 5;" -> wget --user-agent Mozilla/4.0 http://k-db.com/indices/I224/1d/2008?download=csv -O "./業種別株価指数 倉庫運輸関連_日足_2008.csv"; sleep 5; | E80: ="wget --user-agent Mozilla/4.0 http://k-db.com" & $B80 & "/1d/" & E$2 & "?download=csv -O ""./" & $A80 & "_" & $C$1 & "_" & E$2 & ".csv""; sleep 5;" -> wget --user-agent Mozilla/4.0 http://k-db.com/indices/I224/1d/2009?download=csv -O "./業種別株価指数 倉庫運輸関連_日足_2009.csv"; sleep 5; | F80: ="wget --user-agent Mozilla/4.0 http://k-db.com" & $B80 & "/1d/" & F$2 & "?download=csv -O ""./" & $A80 & "_" & $C$1 & "_" & F$2 & ".csv""; sleep 5;" -> wget --user-agent Mozilla/4.0 http://k-db.com/indices/I224/1d/2010?download=csv -O "./業種別株価指数 倉庫運輸関連_日足_2010.csv"; sleep 5; | G80: ="wget --user-agent Mozilla/4.0 http://k-db.com" & $B80 & "/1d/" & G$2 & "?download=csv -O ""./" & $A80 & "_" & $C$1 & "_" & G$2 & ".csv""; sleep 5;" -> wget --user-agent Mozilla/4.0 http://k-db.com/indices/I224/1d/2011?download=csv -O "./業種別株価指数 倉庫運輸関連_日足_2011.csv"; sleep 5; | H80: ="wget --user-agent Mozilla/4.0 http://k-db.com" & $B80 & "/1d/" & H$2 & "?download=csv -O ""./" & $A80 & "_" & $C$1 & "_" & H$2 & ".csv""; sleep 5;" -> wget --user-agent Mozilla/4.0 http://k-db.com/indices/I224/1d/2012?download=csv -O "./業種別株価指数 倉庫運輸関連_日足_2012.csv"; sleep 5; | I80: ="wget --user-agent Mozilla/4.0 http://k-db.com" & $B80 & "/1d/" & I$2 & "?download=csv -O ""./" & $A80 & "_" & $C$1 & "_" & I$2 & ".csv""; sleep 5;" -> wget --user-agent Mozilla/4.0 http://k-db.com/indices/I224/1d/2013?download=csv -O "./業種別株価指数 倉庫運輸関連_日足_2013.csv"; sleep 5; | J80: ="wget --user-agent Mozilla/4.0 http://k-db.com" & $B80 & "/1d/" & J$2 & "?download=csv -O ""./" & $A80 & "_" & $C$1 & "_" & J$2 & ".csv""; sleep 5;" -> wget --user-agent Mozilla/4.0 http://k-db.com/indices/I224/1d/2014?download=csv -O "./業種別株価指数 倉庫運輸関連_日足_2014.csv"; sleep 5; | ... M80: ="wget --user-agent Mozilla/4.0 http://k-db.com" & $B80 & "/1d/" & M$2 & "?download=csv -O ""./" & $A80 & "_" & $C$1 & "_" & M$2 & ".csv""; sleep 5;" -> wget --user-agent Mozilla/4.0 http://k-db.com/indices/I224/1d/2017?download=csv -O "./業種別株価指数 倉庫運輸関連_日足_2017.csv"; sleep 5; | N80: ="wget --user-agent Mozilla/4.0 http://k-db.com" & $B80 & "/4h/" & N$2 & "?download=csv -O ""./" & $A80 & "_" & $N$1 & "_" & C$2 & ".csv""; sleep 5;" -> wget --user-agent Mozilla/4.0 http://k-db.com/indices/I224/4h/2007?download=csv -O "./業種別株価指数 倉庫運輸関連_前場後場_2007.csv"; sleep 5; | O80: ="wget --user-agent Mozilla/4.0 http://k-db.com" & $B80 & "/4h/" & O$2 & "?download=csv -O ""./" & $A80 & "_" & $N$1 & "_" & D$2 & ".csv""; sleep 5;" -> wget --user-agent Mozilla/4.0 http://k-db.com/indices/I224/4h/2008?download=csv -O "./業種別株価指数 倉庫運輸関連_前場後場_2008.csv"; sleep 5; | P80: ="wget --user-agent Mozilla/4.0 http://k-db.com" & $B80 & "/4h/" & P$2 & "?download=csv -O ""./" & $A80 & "_" & $N$1 & "_" & E$2 & ".csv""; sleep 5;" -> wget --user-agent Mozilla/4.0 http://k-db.com/indices/I224/4h/2009?download=csv -O "./業種別株価指数 倉庫運輸関連_前場後場_2009.csv"; sleep 5; | Q80: ="wget --user-agent Mozilla/4.0 http://k-db.com" & $B80 & "/4h/" & Q$2 & "?download=csv -O ""./" & $A80 & "_" & $N$1 & "_" & F$2 & ".csv""; sleep 5;" -> wget --user-agent Mozilla/4.0 http://k-db.com/indices/I224/4h/2010?download=csv -O "./業種別株価指数 倉庫運輸関連_前場後場_2010.csv"; sleep 5; | R80: ="wget --user-agent Mozilla/4.0 http://k-db.com" & $B80 & "/4h/" & R$2 & "?download=csv -O ""./" & $A80 & "_" & $N$1 & "_" & G$2 & ".csv""; sleep 5;" -> wget --user-agent Mozilla/4.0 http://k-db.com/indices/I224/4h/2011?download=csv -O "./業種別株価指数 倉庫運輸関連_前場後場_2011.csv"; sleep 5; | S80: ="wget --user-agent Mozilla/4.0 http://k-db.com" & $B80 & "/4h/" & S$2 & "?download=csv -O ""./" & $A80 & "_" & $N$1 & "_" & H$2 & ".csv""; sleep 5;" -> wget --user-agent Mozilla/4.0 http://k-db.com/indices/I224/4h/2012?download=csv -O "./業種別株価指数 倉庫運輸関連_前場後場_2012.csv"; sleep 5; | T80: ="wget --user-agent Mozilla/4.0 http://k-db.com" & $B80 & "/4h/" & T$2 & "?download=csv -O ""./" & $A80 & "_" & $N$1 & "_" & I$2 & ".csv""; sleep 5;" -> wget --user-agent Mozilla/4.0 http://k-db.com/indices/I224/4h/2013?download=csv -O "./業種別株価指数 倉庫運輸関連_前場後場_2013.csv"; sleep 5; | U80: ="wget --user-agent Mozilla/4.0 http://k-db.com" & $B80 & "/4h/" & U$2 & "?download=csv -O ""./" & $A80 & "_" & $N$1 & "_" & J$2 & ".csv""; sleep 5;" -> wget --user-agent Mozilla/4.0 http://k-db.com/indices/I224/4h/2014?download=csv -O "./業種別株価指数 倉庫運輸関連_前場後場_2014.csv"; sleep 5; | ... X80: ="wget --user-agent Mozilla/4.0 http://k-db.com" & $B80 & "/4h/" & X$2 & "?download=csv -O ""./" & $A80 & "_" & $N$1 & "_" & M$2 & ".csv""; sleep 5;" -> wget --user-agent Mozilla/4.0 http://k-db.com/indices/I224/4h/2017?download=csv -O "./業種別株価指数 倉庫運輸関連_前場後場_2017.csv"; sleep 5;
A81: 業種別株価指数 情報・通信業 | B81: /indices/I225 | C81: ="wget --user-agent Mozilla/4.0 http://k-db.com" & $B81 & "/1d/" & C$2 & "?download=csv -O ""./" & $A81 & "_" & $C$1 & "_" & C$2 & ".csv""; sleep 5;" -> wget --user-agent Mozilla/4.0 http://k-db.com/indices/I225/1d/2007?download=csv -O "./業種別株価指数 情報・通信業_日足_2007.csv"; sleep 5; | D81: ="wget --user-agent Mozilla/4.0 http://k-db.com" & $B81 & "/1d/" & D$2 & "?download=csv -O ""./" & $A81 & "_" & $C$1 & "_" & D$2 & ".csv""; sleep 5;" -> wget --user-agent Mozilla/4.0 http://k-db.com/indices/I225/1d/2008?download=csv -O "./業種別株価指数 情報・通信業_日足_2008.csv"; sleep 5; | E81: ="wget --user-agent Mozilla/4.0 http://k-db.com" & $B81 & "/1d/" & E$2 & "?download=csv -O ""./" & $A81 & "_" & $C$1 & "_" & E$2 & ".csv""; sleep 5;" -> wget --user-agent Mozilla/4.0 http://k-db.com/indices/I225/1d/2009?download=csv -O "./業種別株価指数 情報・通信業_日足_2009.csv"; sleep 5; | F81: ="wget --user-agent Mozilla/4.0 http://k-db.com" & $B81 & "/1d/" & F$2 & "?download=csv -O ""./" & $A81 & "_" & $C$1 & "_" & F$2 & ".csv""; sleep 5;" -> wget --user-agent Mozilla/4.0 http://k-db.com/indices/I225/1d/2010?download=csv -O "./業種別株価指数 情報・通信業_日足_2010.csv"; sleep 5; | G81: ="wget --user-agent Mozilla/4.0 http://k-db.com" & $B81 & "/1d/" & G$2 & "?download=csv -O ""./" & $A81 & "_" & $C$1 & "_" & G$2 & ".csv""; sleep 5;" -> wget --user-agent Mozilla/4.0 http://k-db.com/indices/I225/1d/2011?download=csv -O "./業種別株価指数 情報・通信業_日足_2011.csv"; sleep 5; | H81: ="wget --user-agent Mozilla/4.0 http://k-db.com" & $B81 & "/1d/" & H$2 & "?download=csv -O ""./" & $A81 & "_" & $C$1 & "_" & H$2 & ".csv""; sleep 5;" -> wget --user-agent Mozilla/4.0 http://k-db.com/indices/I225/1d/2012?download=csv -O "./業種別株価指数 情報・通信業_日足_2012.csv"; sleep 5; | I81: ="wget --user-agent Mozilla/4.0 http://k-db.com" & $B81 & "/1d/" & I$2 & "?download=csv -O ""./" & $A81 & "_" & $C$1 & "_" & I$2 & ".csv""; sleep 5;" -> wget --user-agent Mozilla/4.0 http://k-db.com/indices/I225/1d/2013?download=csv -O "./業種別株価指数 情報・通信業_日足_2013.csv"; sleep 5; | J81: ="wget --user-agent Mozilla/4.0 http://k-db.com" & $B81 & "/1d/" & J$2 & "?download=csv -O ""./" & $A81 & "_" & $C$1 & "_" & J$2 & ".csv""; sleep 5;" -> wget --user-agent Mozilla/4.0 http://k-db.com/indices/I225/1d/2014?download=csv -O "./業種別株価指数 情報・通信業_日足_2014.csv"; sleep 5; | ... M81: ="wget --user-agent Mozilla/4.0 http://k-db.com" & $B81 & "/1d/" & M$2 & "?download=csv -O ""./" & $A81 & "_" & $C$1 & "_" & M$2 & ".csv""; sleep 5;" -> wget --user-agent Mozilla/4.0 http://k-db.com/indices/I225/1d/2017?download=csv -O "./業種別株価指数 情報・通信業_日足_2017.csv"; sleep 5; | N81: ="wget --user-agent Mozilla/4.0 http://k-db.com" & $B81 & "/4h/" & N$2 & "?download=csv -O ""./" & $A81 & "_" & $N$1 & "_" & C$2 & ".csv""; sleep 5;" -> wget --user-agent Mozilla/4.0 http://k-db.com/indices/I225/4h/2007?download=csv -O "./業種別株価指数 情報・通信業_前場後場_2007.csv"; sleep 5; | O81: ="wget --user-agent Mozilla/4.0 http://k-db.com" & $B81 & "/4h/" & O$2 & "?download=csv -O ""./" & $A81 & "_" & $N$1 & "_" & D$2 & ".csv""; sleep 5;" -> wget --user-agent Mozilla/4.0 http://k-db.com/indices/I225/4h/2008?download=csv -O "./業種別株価指数 情報・通信業_前場後場_2008.csv"; sleep 5; | P81: ="wget --user-agent Mozilla/4.0 http://k-db.com" & $B81 & "/4h/" & P$2 & "?download=csv -O ""./" & $A81 & "_" & $N$1 & "_" & E$2 & ".csv""; sleep 5;" -> wget --user-agent Mozilla/4.0 http://k-db.com/indices/I225/4h/2009?download=csv -O "./業種別株価指数 情報・通信業_前場後場_2009.csv"; sleep 5; | Q81: ="wget --user-agent Mozilla/4.0 http://k-db.com" & $B81 & "/4h/" & Q$2 & "?download=csv -O ""./" & $A81 & "_" & $N$1 & "_" & F$2 & ".csv""; sleep 5;" -> wget --user-agent Mozilla/4.0 http://k-db.com/indices/I225/4h/2010?download=csv -O "./業種別株価指数 情報・通信業_前場後場_2010.csv"; sleep 5; | R81: ="wget --user-agent Mozilla/4.0 http://k-db.com" & $B81 & "/4h/" & R$2 & "?download=csv -O ""./" & $A81 & "_" & $N$1 & "_" & G$2 & ".csv""; sleep 5;" -> wget --user-agent Mozilla/4.0 http://k-db.com/indices/I225/4h/2011?download=csv -O "./業種別株価指数 情報・通信業_前場後場_2011.csv"; sleep 5; | S81: ="wget --user-agent Mozilla/4.0 http://k-db.com" & $B81 & "/4h/" & S$2 & "?download=csv -O ""./" & $A81 & "_" & $N$1 & "_" & H$2 & ".csv""; sleep 5;" -> wget --user-agent Mozilla/4.0 http://k-db.com/indices/I225/4h/2012?download=csv -O "./業種別株価指数 情報・通信業_前場後場_2012.csv"; sleep 5; | T81: ="wget --user-agent Mozilla/4.0 http://k-db.com" & $B81 & "/4h/" & T$2 & "?download=csv -O ""./" & $A81 & "_" & $N$1 & "_" & I$2 & ".csv""; sleep 5;" -> wget --user-agent Mozilla/4.0 http://k-db.com/indices/I225/4h/2013?download=csv -O "./業種別株価指数 情報・通信業_前場後場_2013.csv"; sleep 5; | U81: ="wget --user-agent Mozilla/4.0 http://k-db.com" & $B81 & "/4h/" & U$2 & "?download=csv -O ""./" & $A81 & "_" & $N$1 & "_" & J$2 & ".csv""; sleep 5;" -> wget --user-agent Mozilla/4.0 http://k-db.com/indices/I225/4h/2014?download=csv -O "./業種別株価指数 情報・通信業_前場後場_2014.csv"; sleep 5; | ... X81: ="wget --user-agent Mozilla/4.0 http://k-db.com" & $B81 & "/4h/" & X$2 & "?download=csv -O ""./" & $A81 & "_" & $N$1 & "_" & M$2 & ".csv""; sleep 5;" -> wget --user-agent Mozilla/4.0 http://k-db.com/indices/I225/4h/2017?download=csv -O "./業種別株価指数 情報・通信業_前場後場_2017.csv"; sleep 5;
A82: 業種別株価指数 卸売業 | B82: /indices/I226 | C82: ="wget --user-agent Mozilla/4.0 http://k-db.com" & $B82 & "/1d/" & C$2 & "?download=csv -O ""./" & $A82 & "_" & $C$1 & "_" & C$2 & ".csv""; sleep 5;" -> wget --user-agent Mozilla/4.0 http://k-db.com/indices/I226/1d/2007?download=csv -O "./業種別株価指数 卸売業_日足_2007.csv"; sleep 5; | D82: ="wget --user-agent Mozilla/4.0 http://k-db.com" & $B82 & "/1d/" & D$2 & "?download=csv -O ""./" & $A82 & "_" & $C$1 & "_" & D$2 & ".csv""; sleep 5;" -> wget --user-agent Mozilla/4.0 http://k-db.com/indices/I226/1d/2008?download=csv -O "./業種別株価指数 卸売業_日足_2008.csv"; sleep 5; | E82: ="wget --user-agent Mozilla/4.0 http://k-db.com" & $B82 & "/1d/" & E$2 & "?download=csv -O ""./" & $A82 & "_" & $C$1 & "_" & E$2 & ".csv""; sleep 5;" -> wget --user-agent Mozilla/4.0 http://k-db.com/indices/I226/1d/2009?download=csv -O "./業種別株価指数 卸売業_日足_2009.csv"; sleep 5; | F82: ="wget --user-agent Mozilla/4.0 http://k-db.com" & $B82 & "/1d/" & F$2 & "?download=csv -O ""./" & $A82 & "_" & $C$1 & "_" & F$2 & ".csv""; sleep 5;" -> wget --user-agent Mozilla/4.0 http://k-db.com/indices/I226/1d/2010?download=csv -O "./業種別株価指数 卸売業_日足_2010.csv"; sleep 5; | G82: ="wget --user-agent Mozilla/4.0 http://k-db.com" & $B82 & "/1d/" & G$2 & "?download=csv -O ""./" & $A82 & "_" & $C$1 & "_" & G$2 & ".csv""; sleep 5;" -> wget --user-agent Mozilla/4.0 http://k-db.com/indices/I226/1d/2011?download=csv -O "./業種別株価指数 卸売業_日足_2011.csv"; sleep 5; | H82: ="wget --user-agent Mozilla/4.0 http://k-db.com" & $B82 & "/1d/" & H$2 & "?download=csv -O ""./" & $A82 & "_" & $C$1 & "_" & H$2 & ".csv""; sleep 5;" -> wget --user-agent Mozilla/4.0 http://k-db.com/indices/I226/1d/2012?download=csv -O "./業種別株価指数 卸売業_日足_2012.csv"; sleep 5; | I82: ="wget --user-agent Mozilla/4.0 http://k-db.com" & $B82 & "/1d/" & I$2 & "?download=csv -O ""./" & $A82 & "_" & $C$1 & "_" & I$2 & ".csv""; sleep 5;" -> wget --user-agent Mozilla/4.0 http://k-db.com/indices/I226/1d/2013?download=csv -O "./業種別株価指数 卸売業_日足_2013.csv"; sleep 5; | J82: ="wget --user-agent Mozilla/4.0 http://k-db.com" & $B82 & "/1d/" & J$2 & "?download=csv -O ""./" & $A82 & "_" & $C$1 & "_" & J$2 & ".csv""; sleep 5;" -> wget --user-agent Mozilla/4.0 http://k-db.com/indices/I226/1d/2014?download=csv -O "./業種別株価指数 卸売業_日足_2014.csv"; sleep 5; | ... M82: ="wget --user-agent Mozilla/4.0 http://k-db.com" & $B82 & "/1d/" & M$2 & "?download=csv -O ""./" & $A82 & "_" & $C$1 & "_" & M$2 & ".csv""; sleep 5;" -> wget --user-agent Mozilla/4.0 http://k-db.com/indices/I226/1d/2017?download=csv -O "./業種別株価指数 卸売業_日足_2017.csv"; sleep 5; | N82: ="wget --user-agent Mozilla/4.0 http://k-db.com" & $B82 & "/4h/" & N$2 & "?download=csv -O ""./" & $A82 & "_" & $N$1 & "_" & C$2 & ".csv""; sleep 5;" -> wget --user-agent Mozilla/4.0 http://k-db.com/indices/I226/4h/2007?download=csv -O "./業種別株価指数 卸売業_前場後場_2007.csv"; sleep 5; | O82: ="wget --user-agent Mozilla/4.0 http://k-db.com" & $B82 & "/4h/" & O$2 & "?download=csv -O ""./" & $A82 & "_" & $N$1 & "_" & D$2 & ".csv""; sleep 5;" -> wget --user-agent Mozilla/4.0 http://k-db.com/indices/I226/4h/2008?download=csv -O "./業種別株価指数 卸売業_前場後場_2008.csv"; sleep 5; | P82: ="wget --user-agent Mozilla/4.0 http://k-db.com" & $B82 & "/4h/" & P$2 & "?download=csv -O ""./" & $A82 & "_" & $N$1 & "_" & E$2 & ".csv""; sleep 5;" -> wget --user-agent Mozilla/4.0 http://k-db.com/indices/I226/4h/2009?download=csv -O "./業種別株価指数 卸売業_前場後場_2009.csv"; sleep 5; | Q82: ="wget --user-agent Mozilla/4.0 http://k-db.com" & $B82 & "/4h/" & Q$2 & "?download=csv -O ""./" & $A82 & "_" & $N$1 & "_" & F$2 & ".csv""; sleep 5;" -> wget --user-agent Mozilla/4.0 http://k-db.com/indices/I226/4h/2010?download=csv -O "./業種別株価指数 卸売業_前場後場_2010.csv"; sleep 5; | R82: ="wget --user-agent Mozilla/4.0 http://k-db.com" & $B82 & "/4h/" & R$2 & "?download=csv -O ""./" & $A82 & "_" & $N$1 & "_" & G$2 & ".csv""; sleep 5;" -> wget --user-agent Mozilla/4.0 http://k-db.com/indices/I226/4h/2011?download=csv -O "./業種別株価指数 卸売業_前場後場_2011.csv"; sleep 5; | S82: ="wget --user-agent Mozilla/4.0 http://k-db.com" & $B82 & "/4h/" & S$2 & "?download=csv -O ""./" & $A82 & "_" & $N$1 & "_" & H$2 & ".csv""; sleep 5;" -> wget --user-agent Mozilla/4.0 http://k-db.com/indices/I226/4h/2012?download=csv -O "./業種別株価指数 卸売業_前場後場_2012.csv"; sleep 5; | T82: ="wget --user-agent Mozilla/4.0 http://k-db.com" & $B82 & "/4h/" & T$2 & "?download=csv -O ""./" & $A82 & "_" & $N$1 & "_" & I$2 & ".csv""; sleep 5;" -> wget --user-agent Mozilla/4.0 http://k-db.com/indices/I226/4h/2013?download=csv -O "./業種別株価指数 卸売業_前場後場_2013.csv"; sleep 5; | U82: ="wget --user-agent Mozilla/4.0 http://k-db.com" & $B82 & "/4h/" & U$2 & "?download=csv -O ""./" & $A82 & "_" & $N$1 & "_" & J$2 & ".csv""; sleep 5;" -> wget --user-agent Mozilla/4.0 http://k-db.com/indices/I226/4h/2014?download=csv -O "./業種別株価指数 卸売業_前場後場_2014.csv"; sleep 5; | ... X82: ="wget --user-agent Mozilla/4.0 http://k-db.com" & $B82 & "/4h/" & X$2 & "?download=csv -O ""./" & $A82 & "_" & $N$1 & "_" & M$2 & ".csv""; sleep 5;" -> wget --user-agent Mozilla/4.0 http://k-db.com/indices/I226/4h/2017?download=csv -O "./業種別株価指数 卸売業_前場後場_2017.csv"; sleep 5;
A83: 業種別株価指数 小売業 | B83: /indices/I227 | C83: ="wget --user-agent Mozilla/4.0 http://k-db.com" & $B83 & "/1d/" & C$2 & "?download=csv -O ""./" & $A83 & "_" & $C$1 & "_" & C$2 & ".csv""; sleep 5;" -> wget --user-agent Mozilla/4.0 http://k-db.com/indices/I227/1d/2007?download=csv -O "./業種別株価指数 小売業_日足_2007.csv"; sleep 5; | D83: ="wget --user-agent Mozilla/4.0 http://k-db.com" & $B83 & "/1d/" & D$2 & "?download=csv -O ""./" & $A83 & "_" & $C$1 & "_" & D$2 & ".csv""; sleep 5;" -> wget --user-agent Mozilla/4.0 http://k-db.com/indices/I227/1d/2008?download=csv -O "./業種別株価指数 小売業_日足_2008.csv"; sleep 5; | E83: ="wget --user-agent Mozilla/4.0 http://k-db.com" & $B83 & "/1d/" & E$2 & "?download=csv -O ""./" & $A83 & "_" & $C$1 & "_" & E$2 & ".csv""; sleep 5;" -> wget --user-agent Mozilla/4.0 http://k-db.com/indices/I227/1d/2009?download=csv -O "./業種別株価指数 小売業_日足_2009.csv"; sleep 5; | F83: ="wget --user-agent Mozilla/4.0 http://k-db.com" & $B83 & "/1d/" & F$2 & "?download=csv -O ""./" & $A83 & "_" & $C$1 & "_" & F$2 & ".csv""; sleep 5;" -> wget --user-agent Mozilla/4.0 http://k-db.com/indices/I227/1d/2010?download=csv -O "./業種別株価指数 小売業_日足_2010.csv"; sleep 5; | G83: ="wget --user-agent Mozilla/4.0 http://k-db.com" & $B83 & "/1d/" & G$2 & "?download=csv -O ""./" & $A83 & "_" & $C$1 & "_" & G$2 & ".csv""; sleep 5;" -> wget --user-agent Mozilla/4.0 http://k-db.com/indices/I227/1d/2011?download=csv -O "./業種別株価指数 小売業_日足_2011.csv"; sleep 5; | H83: ="wget --user-agent Mozilla/4.0 http://k-db.com" & $B83 & "/1d/" & H$2 & "?download=csv -O ""./" & $A83 & "_" & $C$1 & "_" & H$2 & ".csv""; sleep 5;" -> wget --user-agent Mozilla/4.0 http://k-db.com/indices/I227/1d/2012?download=csv -O "./業種別株価指数 小売業_日足_2012.csv"; sleep 5; | I83: ="wget --user-agent Mozilla/4.0 http://k-db.com" & $B83 & "/1d/" & I$2 & "?download=csv -O ""./" & $A83 & "_" & $C$1 & "_" & I$2 & ".csv""; sleep 5;" -> wget --user-agent Mozilla/4.0 http://k-db.com/indices/I227/1d/2013?download=csv -O "./業種別株価指数 小売業_日足_2013.csv"; sleep 5; | J83: ="wget --user-agent Mozilla/4.0 http://k-db.com" & $B83 & "/1d/" & J$2 & "?download=csv -O ""./" & $A83 & "_" & $C$1 & "_" & J$2 & ".csv""; sleep 5;" -> wget --user-agent Mozilla/4.0 http://k-db.com/indices/I227/1d/2014?download=csv -O "./業種別株価指数 小売業_日足_2014.csv"; sleep 5; | ... M83: ="wget --user-agent Mozilla/4.0 http://k-db.com" & $B83 & "/1d/" & M$2 & "?download=csv -O ""./" & $A83 & "_" & $C$1 & "_" & M$2 & ".csv""; sleep 5;" -> wget --user-agent Mozilla/4.0 http://k-db.com/indices/I227/1d/2017?download=csv -O "./業種別株価指数 小売業_日足_2017.csv"; sleep 5; | N83: ="wget --user-agent Mozilla/4.0 http://k-db.com" & $B83 & "/4h/" & N$2 & "?download=csv -O ""./" & $A83 & "_" & $N$1 & "_" & C$2 & ".csv""; sleep 5;" -> wget --user-agent Mozilla/4.0 http://k-db.com/indices/I227/4h/2007?download=csv -O "./業種別株価指数 小売業_前場後場_2007.csv"; sleep 5; | O83: ="wget --user-agent Mozilla/4.0 http://k-db.com" & $B83 & "/4h/" & O$2 & "?download=csv -O ""./" & $A83 & "_" & $N$1 & "_" & D$2 & ".csv""; sleep 5;" -> wget --user-agent Mozilla/4.0 http://k-db.com/indices/I227/4h/2008?download=csv -O "./業種別株価指数 小売業_前場後場_2008.csv"; sleep 5; | P83: ="wget --user-agent Mozilla/4.0 http://k-db.com" & $B83 & "/4h/" & P$2 & "?download=csv -O ""./" & $A83 & "_" & $N$1 & "_" & E$2 & ".csv""; sleep 5;" -> wget --user-agent Mozilla/4.0 http://k-db.com/indices/I227/4h/2009?download=csv -O "./業種別株価指数 小売業_前場後場_2009.csv"; sleep 5; | Q83: ="wget --user-agent Mozilla/4.0 http://k-db.com" & $B83 & "/4h/" & Q$2 & "?download=csv -O ""./" & $A83 & "_" & $N$1 & "_" & F$2 & ".csv""; sleep 5;" -> wget --user-agent Mozilla/4.0 http://k-db.com/indices/I227/4h/2010?download=csv -O "./業種別株価指数 小売業_前場後場_2010.csv"; sleep 5; | R83: ="wget --user-agent Mozilla/4.0 http://k-db.com" & $B83 & "/4h/" & R$2 & "?download=csv -O ""./" & $A83 & "_" & $N$1 & "_" & G$2 & ".csv""; sleep 5;" -> wget --user-agent Mozilla/4.0 http://k-db.com/indices/I227/4h/2011?download=csv -O "./業種別株価指数 小売業_前場後場_2011.csv"; sleep 5; | S83: ="wget --user-agent Mozilla/4.0 http://k-db.com" & $B83 & "/4h/" & S$2 & "?download=csv -O ""./" & $A83 & "_" & $N$1 & "_" & H$2 & ".csv""; sleep 5;" -> wget --user-agent Mozilla/4.0 http://k-db.com/indices/I227/4h/2012?download=csv -O "./業種別株価指数 小売業_前場後場_2012.csv"; sleep 5; | T83: ="wget --user-agent Mozilla/4.0 http://k-db.com" & $B83 & "/4h/" & T$2 & "?download=csv -O ""./" & $A83 & "_" & $N$1 & "_" & I$2 & ".csv""; sleep 5;" -> wget --user-agent Mozilla/4.0 http://k-db.com/indices/I227/4h/2013?download=csv -O "./業種別株価指数 小売業_前場後場_2013.csv"; sleep 5; | U83: ="wget --user-agent Mozilla/4.0 http://k-db.com" & $B83 & "/4h/" & U$2 & "?download=csv -O ""./" & $A83 & "_" & $N$1 & "_" & J$2 & ".csv""; sleep 5;" -> wget --user-agent Mozilla/4.0 http://k-db.com/indices/I227/4h/2014?download=csv -O "./業種別株価指数 小売業_前場後場_2014.csv"; sleep 5; | ... X83: ="wget --user-agent Mozilla/4.0 http://k-db.com" & $B83 & "/4h/" & X$2 & "?download=csv -O ""./" & $A83 & "_" & $N$1 & "_" & M$2 & ".csv""; sleep 5;" -> wget --user-agent Mozilla/4.0 http://k-db.com/indices/I227/4h/2017?download=csv -O "./業種別株価指数 小売業_前場後場_2017.csv"; sleep 5;
A84: 業種別株価指数 銀行業 | B84: /indices/I228 | C84: ="wget --user-agent Mozilla/4.0 http://k-db.com" & $B84 & "/1d/" & C$2 & "?download=csv -O ""./" & $A84 & "_" & $C$1 & "_" & C$2 & ".csv""; sleep 5;" -> wget --user-agent Mozilla/4.0 http://k-db.com/indices/I228/1d/2007?download=csv -O "./業種別株価指数 銀行業_日足_2007.csv"; sleep 5; | D84: ="wget --user-agent Mozilla/4.0 http://k-db.com" & $B84 & "/1d/" & D$2 & "?download=csv -O ""./" & $A84 & "_" & $C$1 & "_" & D$2 & ".csv""; sleep 5;" -> wget --user-agent Mozilla/4.0 http://k-db.com/indices/I228/1d/2008?download=csv -O "./業種別株価指数 銀行業_日足_2008.csv"; sleep 5; | E84: ="wget --user-agent Mozilla/4.0 http://k-db.com" & $B84 & "/1d/" & E$2 & "?download=csv -O ""./" & $A84 & "_" & $C$1 & "_" & E$2 & ".csv""; sleep 5;" -> wget --user-agent Mozilla/4.0 http://k-db.com/indices/I228/1d/2009?download=csv -O "./業種別株価指数 銀行業_日足_2009.csv"; sleep 5; | F84: ="wget --user-agent Mozilla/4.0 http://k-db.com" & $B84 & "/1d/" & F$2 & "?download=csv -O ""./" & $A84 & "_" & $C$1 & "_" & F$2 & ".csv""; sleep 5;" -> wget --user-agent Mozilla/4.0 http://k-db.com/indices/I228/1d/2010?download=csv -O "./業種別株価指数 銀行業_日足_2010.csv"; sleep 5; | G84: ="wget --user-agent Mozilla/4.0 http://k-db.com" & $B84 & "/1d/" & G$2 & "?download=csv -O ""./" & $A84 & "_" & $C$1 & "_" & G$2 & ".csv""; sleep 5;" -> wget --user-agent Mozilla/4.0 http://k-db.com/indices/I228/1d/2011?download=csv -O "./業種別株価指数 銀行業_日足_2011.csv"; sleep 5; | H84: ="wget --user-agent Mozilla/4.0 http://k-db.com" & $B84 & "/1d/" & H$2 & "?download=csv -O ""./" & $A84 & "_" & $C$1 & "_" & H$2 & ".csv""; sleep 5;" -> wget --user-agent Mozilla/4.0 http://k-db.com/indices/I228/1d/2012?download=csv -O "./業種別株価指数 銀行業_日足_2012.csv"; sleep 5; | I84: ="wget --user-agent Mozilla/4.0 http://k-db.com" & $B84 & "/1d/" & I$2 & "?download=csv -O ""./" & $A84 & "_" & $C$1 & "_" & I$2 & ".csv""; sleep 5;" -> wget --user-agent Mozilla/4.0 http://k-db.com/indices/I228/1d/2013?download=csv -O "./業種別株価指数 銀行業_日足_2013.csv"; sleep 5; | J84: ="wget --user-agent Mozilla/4.0 http://k-db.com" & $B84 & "/1d/" & J$2 & "?download=csv -O ""./" & $A84 & "_" & $C$1 & "_" & J$2 & ".csv""; sleep 5;" -> wget --user-agent Mozilla/4.0 http://k-db.com/indices/I228/1d/2014?download=csv -O "./業種別株価指数 銀行業_日足_2014.csv"; sleep 5; | ... M84: ="wget --user-agent Mozilla/4.0 http://k-db.com" & $B84 & "/1d/" & M$2 & "?download=csv -O ""./" & $A84 & "_" & $C$1 & "_" & M$2 & ".csv""; sleep 5;" -> wget --user-agent Mozilla/4.0 http://k-db.com/indices/I228/1d/2017?download=csv -O "./業種別株価指数 銀行業_日足_2017.csv"; sleep 5; | N84: ="wget --user-agent Mozilla/4.0 http://k-db.com" & $B84 & "/4h/" & N$2 & "?download=csv -O ""./" & $A84 & "_" & $N$1 & "_" & C$2 & ".csv""; sleep 5;" -> wget --user-agent Mozilla/4.0 http://k-db.com/indices/I228/4h/2007?download=csv -O "./業種別株価指数 銀行業_前場後場_2007.csv"; sleep 5; | O84: ="wget --user-agent Mozilla/4.0 http://k-db.com" & $B84 & "/4h/" & O$2 & "?download=csv -O ""./" & $A84 & "_" & $N$1 & "_" & D$2 & ".csv""; sleep 5;" -> wget --user-agent Mozilla/4.0 http://k-db.com/indices/I228/4h/2008?download=csv -O "./業種別株価指数 銀行業_前場後場_2008.csv"; sleep 5; | P84: ="wget --user-agent Mozilla/4.0 http://k-db.com" & $B84 & "/4h/" & P$2 & "?download=csv -O ""./" & $A84 & "_" & $N$1 & "_" & E$2 & ".csv""; sleep 5;" -> wget --user-agent Mozilla/4.0 http://k-db.com/indices/I228/4h/2009?download=csv -O "./業種別株価指数 銀行業_前場後場_2009.csv"; sleep 5; | Q84: ="wget --user-agent Mozilla/4.0 http://k-db.com" & $B84 & "/4h/" & Q$2 & "?download=csv -O ""./" & $A84 & "_" & $N$1 & "_" & F$2 & ".csv""; sleep 5;" -> wget --user-agent Mozilla/4.0 http://k-db.com/indices/I228/4h/2010?download=csv -O "./業種別株価指数 銀行業_前場後場_2010.csv"; sleep 5; | R84: ="wget --user-agent Mozilla/4.0 http://k-db.com" & $B84 & "/4h/" & R$2 & "?download=csv -O ""./" & $A84 & "_" & $N$1 & "_" & G$2 & ".csv""; sleep 5;" -> wget --user-agent Mozilla/4.0 http://k-db.com/indices/I228/4h/2011?download=csv -O "./業種別株価指数 銀行業_前場後場_2011.csv"; sleep 5; | S84: ="wget --user-agent Mozilla/4.0 http://k-db.com" & $B84 & "/4h/" & S$2 & "?download=csv -O ""./" & $A84 & "_" & $N$1 & "_" & H$2 & ".csv""; sleep 5;" -> wget --user-agent Mozilla/4.0 http://k-db.com/indices/I228/4h/2012?download=csv -O "./業種別株価指数 銀行業_前場後場_2012.csv"; sleep 5; | T84: ="wget --user-agent Mozilla/4.0 http://k-db.com" & $B84 & "/4h/" & T$2 & "?download=csv -O ""./" & $A84 & "_" & $N$1 & "_" & I$2 & ".csv""; sleep 5;" -> wget --user-agent Mozilla/4.0 http://k-db.com/indices/I228/4h/2013?download=csv -O "./業種別株価指数 銀行業_前場後場_2013.csv"; sleep 5; | U84: ="wget --user-agent Mozilla/4.0 http://k-db.com" & $B84 & "/4h/" & U$2 & "?download=csv -O ""./" & $A84 & "_" & $N$1 & "_" & J$2 & ".csv""; sleep 5;" -> wget --user-agent Mozilla/4.0 http://k-db.com/indices/I228/4h/2014?download=csv -O "./業種別株価指数 銀行業_前場後場_2014.csv"; sleep 5; | ... X84: ="wget --user-agent Mozilla/4.0 http://k-db.com" & $B84 & "/4h/" & X$2 & "?download=csv -O ""./" & $A84 & "_" & $N$1 & "_" & M$2 & ".csv""; sleep 5;" -> wget --user-agent Mozilla/4.0 http://k-db.com/indices/I228/4h/2017?download=csv -O "./業種別株価指数 銀行業_前場後場_2017.csv"; sleep 5;
A85: 業種別株価指数 証券商品先物 | B85: /indices/I229 | C85: ="wget --user-agent Mozilla/4.0 http://k-db.com" & $B85 & "/1d/" & C$2 & "?download=csv -O ""./" & $A85 & "_" & $C$1 & "_" & C$2 & ".csv""; sleep 5;" -> wget --user-agent Mozilla/4.0 http://k-db.com/indices/I229/1d/2007?download=csv -O "./業種別株価指数 証券商品先物_日足_2007.csv"; sleep 5; | D85: ="wget --user-agent Mozilla/4.0 http://k-db.com" & $B85 & "/1d/" & D$2 & "?download=csv -O ""./" & $A85 & "_" & $C$1 & "_" & D$2 & ".csv""; sleep 5;" -> wget --user-agent Mozilla/4.0 http://k-db.com/indices/I229/1d/2008?download=csv -O "./業種別株価指数 証券商品先物_日足_2008.csv"; sleep 5; | E85: ="wget --user-agent Mozilla/4.0 http://k-db.com" & $B85 & "/1d/" & E$2 & "?download=csv -O ""./" & $A85 & "_" & $C$1 & "_" & E$2 & ".csv""; sleep 5;" -> wget --user-agent Mozilla/4.0 http://k-db.com/indices/I229/1d/2009?download=csv -O "./業種別株価指数 証券商品先物_日足_2009.csv"; sleep 5; | F85: ="wget --user-agent Mozilla/4.0 http://k-db.com" & $B85 & "/1d/" & F$2 & "?download=csv -O ""./" & $A85 & "_" & $C$1 & "_" & F$2 & ".csv""; sleep 5;" -> wget --user-agent Mozilla/4.0 http://k-db.com/indices/I229/1d/2010?download=csv -O "./業種別株価指数 証券商品先物_日足_2010.csv"; sleep 5; | G85: ="wget --user-agent Mozilla/4.0 http://k-db.com" & $B85 & "/1d/" & G$2 & "?download=csv -O ""./" & $A85 & "_" & $C$1 & "_" & G$2 & ".csv""; sleep 5;" -> wget --user-agent Mozilla/4.0 http://k-db.com/indices/I229/1d/2011?download=csv -O "./業種別株価指数 証券商品先物_日足_2011.csv"; sleep 5; | H85: ="wget --user-agent Mozilla/4.0 http://k-db.com" & $B85 & "/1d/" & H$2 & "?download=csv -O ""./" & $A85 & "_" & $C$1 & "_" & H$2 & ".csv""; sleep 5;" -> wget --user-agent Mozilla/4.0 http://k-db.com/indices/I229/1d/2012?download=csv -O "./業種別株価指数 証券商品先物_日足_2012.csv"; sleep 5; | I85: ="wget --user-agent Mozilla/4.0 http://k-db.com" & $B85 & "/1d/" & I$2 & "?download=csv -O ""./" & $A85 & "_" & $C$1 & "_" & I$2 & ".csv""; sleep 5;" -> wget --user-agent Mozilla/4.0 http://k-db.com/indices/I229/1d/2013?download=csv -O "./業種別株価指数 証券商品先物_日足_2013.csv"; sleep 5; | J85: ="wget --user-agent Mozilla/4.0 http://k-db.com" & $B85 & "/1d/" & J$2 & "?download=csv -O ""./" & $A85 & "_" & $C$1 & "_" & J$2 & ".csv""; sleep 5;" -> wget --user-agent Mozilla/4.0 http://k-db.com/indices/I229/1d/2014?download=csv -O "./業種別株価指数 証券商品先物_日足_2014.csv"; sleep 5; | ... M85: ="wget --user-agent Mozilla/4.0 http://k-db.com" & $B85 & "/1d/" & M$2 & "?download=csv -O ""./" & $A85 & "_" & $C$1 & "_" & M$2 & ".csv""; sleep 5;" -> wget --user-agent Mozilla/4.0 http://k-db.com/indices/I229/1d/2017?download=csv -O "./業種別株価指数 証券商品先物_日足_2017.csv"; sleep 5; | N85: ="wget --user-agent Mozilla/4.0 http://k-db.com" & $B85 & "/4h/" & N$2 & "?download=csv -O ""./" & $A85 & "_" & $N$1 & "_" & C$2 & ".csv""; sleep 5;" -> wget --user-agent Mozilla/4.0 http://k-db.com/indices/I229/4h/2007?download=csv -O "./業種別株価指数 証券商品先物_前場後場_2007.csv"; sleep 5; | O85: ="wget --user-agent Mozilla/4.0 http://k-db.com" & $B85 & "/4h/" & O$2 & "?download=csv -O ""./" & $A85 & "_" & $N$1 & "_" & D$2 & ".csv""; sleep 5;" -> wget --user-agent Mozilla/4.0 http://k-db.com/indices/I229/4h/2008?download=csv -O "./業種別株価指数 証券商品先物_前場後場_2008.csv"; sleep 5; | P85: ="wget --user-agent Mozilla/4.0 http://k-db.com" & $B85 & "/4h/" & P$2 & "?download=csv -O ""./" & $A85 & "_" & $N$1 & "_" & E$2 & ".csv""; sleep 5;" -> wget --user-agent Mozilla/4.0 http://k-db.com/indices/I229/4h/2009?download=csv -O "./業種別株価指数 証券商品先物_前場後場_2009.csv"; sleep 5; | Q85: ="wget --user-agent Mozilla/4.0 http://k-db.com" & $B85 & "/4h/" & Q$2 & "?download=csv -O ""./" & $A85 & "_" & $N$1 & "_" & F$2 & ".csv""; sleep 5;" -> wget --user-agent Mozilla/4.0 http://k-db.com/indices/I229/4h/2010?download=csv -O "./業種別株価指数 証券商品先物_前場後場_2010.csv"; sleep 5; | R85: ="wget --user-agent Mozilla/4.0 http://k-db.com" & $B85 & "/4h/" & R$2 & "?download=csv -O ""./" & $A85 & "_" & $N$1 & "_" & G$2 & ".csv""; sleep 5;" -> wget --user-agent Mozilla/4.0 http://k-db.com/indices/I229/4h/2011?download=csv -O "./業種別株価指数 証券商品先物_前場後場_2011.csv"; sleep 5; | S85: ="wget --user-agent Mozilla/4.0 http://k-db.com" & $B85 & "/4h/" & S$2 & "?download=csv -O ""./" & $A85 & "_" & $N$1 & "_" & H$2 & ".csv""; sleep 5;" -> wget --user-agent Mozilla/4.0 http://k-db.com/indices/I229/4h/2012?download=csv -O "./業種別株価指数 証券商品先物_前場後場_2012.csv"; sleep 5; | T85: ="wget --user-agent Mozilla/4.0 http://k-db.com" & $B85 & "/4h/" & T$2 & "?download=csv -O ""./" & $A85 & "_" & $N$1 & "_" & I$2 & ".csv""; sleep 5;" -> wget --user-agent Mozilla/4.0 http://k-db.com/indices/I229/4h/2013?download=csv -O "./業種別株価指数 証券商品先物_前場後場_2013.csv"; sleep 5; | U85: ="wget --user-agent Mozilla/4.0 http://k-db.com" & $B85 & "/4h/" & U$2 & "?download=csv -O ""./" & $A85 & "_" & $N$1 & "_" & J$2 & ".csv""; sleep 5;" -> wget --user-agent Mozilla/4.0 http://k-db.com/indices/I229/4h/2014?download=csv -O "./業種別株価指数 証券商品先物_前場後場_2014.csv"; sleep 5; | ... X85: ="wget --user-agent Mozilla/4.0 http://k-db.com" & $B85 & "/4h/" & X$2 & "?download=csv -O ""./" & $A85 & "_" & $N$1 & "_" & M$2 & ".csv""; sleep 5;" -> wget --user-agent Mozilla/4.0 http://k-db.com/indices/I229/4h/2017?download=csv -O "./業種別株価指数 証券商品先物_前場後場_2017.csv"; sleep 5;
... A94: 日経ジャスダック平均株価 | B94: /indices/I306 | C94: ="wget --user-agent Mozilla/4.0 http://k-db.com" & $B94 & "/1d/" & C$2 & "?download=csv -O ""./" & $A94 & "_" & $C$1 & "_" & C$2 & ".csv""; sleep 5;" -> wget --user-agent Mozilla/4.0 http://k-db.com/indices/I306/1d/2007?download=csv -O "./日経ジャスダック平均株価_日足_2007.csv"; sleep 5; | D94: ="wget --user-agent Mozilla/4.0 http://k-db.com" & $B94 & "/1d/" & D$2 & "?download=csv -O ""./" & $A94 & "_" & $C$1 & "_" & D$2 & ".csv""; sleep 5;" -> wget --user-agent Mozilla/4.0 http://k-db.com/indices/I306/1d/2008?download=csv -O "./日経ジャスダック平均株価_日足_2008.csv"; sleep 5; | E94: ="wget --user-agent Mozilla/4.0 http://k-db.com" & $B94 & "/1d/" & E$2 & "?download=csv -O ""./" & $A94 & "_" & $C$1 & "_" & E$2 & ".csv""; sleep 5;" -> wget --user-agent Mozilla/4.0 http://k-db.com/indices/I306/1d/2009?download=csv -O "./日経ジャスダック平均株価_日足_2009.csv"; sleep 5; | F94: ="wget --user-agent Mozilla/4.0 http://k-db.com" & $B94 & "/1d/" & F$2 & "?download=csv -O ""./" & $A94 & "_" & $C$1 & "_" & F$2 & ".csv""; sleep 5;" -> wget --user-agent Mozilla/4.0 http://k-db.com/indices/I306/1d/2010?download=csv -O "./日経ジャスダック平均株価_日足_2010.csv"; sleep 5; | G94: ="wget --user-agent Mozilla/4.0 http://k-db.com" & $B94 & "/1d/" & G$2 & "?download=csv -O ""./" & $A94 & "_" & $C$1 & "_" & G$2 & ".csv""; sleep 5;" -> wget --user-agent Mozilla/4.0 http://k-db.com/indices/I306/1d/2011?download=csv -O "./日経ジャスダック平均株価_日足_2011.csv"; sleep 5; | H94: ="wget --user-agent Mozilla/4.0 http://k-db.com" & $B94 & "/1d/" & H$2 & "?download=csv -O ""./" & $A94 & "_" & $C$1 & "_" & H$2 & ".csv""; sleep 5;" -> wget --user-agent Mozilla/4.0 http://k-db.com/indices/I306/1d/2012?download=csv -O "./日経ジャスダック平均株価_日足_2012.csv"; sleep 5; | I94: ="wget --user-agent Mozilla/4.0 http://k-db.com" & $B94 & "/1d/" & I$2 & "?download=csv -O ""./" & $A94 & "_" & $C$1 & "_" & I$2 & ".csv""; sleep 5;" -> wget --user-agent Mozilla/4.0 http://k-db.com/indices/I306/1d/2013?download=csv -O "./日経ジャスダック平均株価_日足_2013.csv"; sleep 5; | J94: ="wget --user-agent Mozilla/4.0 http://k-db.com" & $B94 & "/1d/" & J$2 & "?download=csv -O ""./" & $A94 & "_" & $C$1 & "_" & J$2 & ".csv""; sleep 5;" -> wget --user-agent Mozilla/4.0 http://k-db.com/indices/I306/1d/2014?download=csv -O "./日経ジャスダック平均株価_日足_2014.csv"; sleep 5; | ... M94: ="wget --user-agent Mozilla/4.0 http://k-db.com" & $B94 & "/1d/" & M$2 & "?download=csv -O ""./" & $A94 & "_" & $C$1 & "_" & M$2 & ".csv""; sleep 5;" -> wget --user-agent Mozilla/4.0 http://k-db.com/indices/I306/1d/2017?download=csv -O "./日経ジャスダック平均株価_日足_2017.csv"; sleep 5; | N94: ="wget --user-agent Mozilla/4.0 http://k-db.com" & $B94 & "/4h/" & N$2 & "?download=csv -O ""./" & $A94 & "_" & $N$1 & "_" & C$2 & ".csv""; sleep 5;" -> wget --user-agent Mozilla/4.0 http://k-db.com/indices/I306/4h/2007?download=csv -O "./日経ジャスダック平均株価_前場後場_2007.csv"; sleep 5; | O94: ="wget --user-agent Mozilla/4.0 http://k-db.com" & $B94 & "/4h/" & O$2 & "?download=csv -O ""./" & $A94 & "_" & $N$1 & "_" & D$2 & ".csv""; sleep 5;" -> wget --user-agent Mozilla/4.0 http://k-db.com/indices/I306/4h/2008?download=csv -O "./日経ジャスダック平均株価_前場後場_2008.csv"; sleep 5; | P94: ="wget --user-agent Mozilla/4.0 http://k-db.com" & $B94 & "/4h/" & P$2 & "?download=csv -O ""./" & $A94 & "_" & $N$1 & "_" & E$2 & ".csv""; sleep 5;" -> wget --user-agent Mozilla/4.0 http://k-db.com/indices/I306/4h/2009?download=csv -O "./日経ジャスダック平均株価_前場後場_2009.csv"; sleep 5; | Q94: ="wget --user-agent Mozilla/4.0 http://k-db.com" & $B94 & "/4h/" & Q$2 & "?download=csv -O ""./" & $A94 & "_" & $N$1 & "_" & F$2 & ".csv""; sleep 5;" -> wget --user-agent Mozilla/4.0 http://k-db.com/indices/I306/4h/2010?download=csv -O "./日経ジャスダック平均株価_前場後場_2010.csv"; sleep 5; | R94: ="wget --user-agent Mozilla/4.0 http://k-db.com" & $B94 & "/4h/" & R$2 & "?download=csv -O ""./" & $A94 & "_" & $N$1 & "_" & G$2 & ".csv""; sleep 5;" -> wget --user-agent Mozilla/4.0 http://k-db.com/indices/I306/4h/2011?download=csv -O "./日経ジャスダック平均株価_前場後場_2011.csv"; sleep 5; | S94: ="wget --user-agent Mozilla/4.0 http://k-db.com" & $B94 & "/4h/" & S$2 & "?download=csv -O ""./" & $A94 & "_" & $N$1 & "_" & H$2 & ".csv""; sleep 5;" -> wget --user-agent Mozilla/4.0 http://k-db.com/indices/I306/4h/2012?download=csv -O "./日経ジャスダック平均株価_前場後場_2012.csv"; sleep 5; | T94: ="wget --user-agent Mozilla/4.0 http://k-db.com" & $B94 & "/4h/" & T$2 & "?download=csv -O ""./" & $A94 & "_" & $N$1 & "_" & I$2 & ".csv""; sleep 5;" -> wget --user-agent Mozilla/4.0 http://k-db.com/indices/I306/4h/2013?download=csv -O "./日経ジャスダック平均株価_前場後場_2013.csv"; sleep 5; | U94: ="wget --user-agent Mozilla/4.0 http://k-db.com" & $B94 & "/4h/" & U$2 & "?download=csv -O ""./" & $A94 & "_" & $N$1 & "_" & J$2 & ".csv""; sleep 5;" -> wget --user-agent Mozilla/4.0 http://k-db.com/indices/I306/4h/2014?download=csv -O "./日経ジャスダック平均株価_前場後場_2014.csv"; sleep 5; | ... X94: ="wget --user-agent Mozilla/4.0 http://k-db.com" & $B94 & "/4h/" & X$2 & "?download=csv -O ""./" & $A94 & "_" & $N$1 & "_" & M$2 & ".csv""; sleep 5;" -> wget --user-agent Mozilla/4.0 http://k-db.com/indices/I306/4h/2017?download=csv -O "./日経ジャスダック平均株価_前場後場_2017.csv"; sleep 5;

Sheet マスタ
A1: 日経平均株価 | B1: /indices/I101
A2: TOPIX | B2: /indices/I102
A3: JPX日経インデックス400 | B3: /indices/I103
A4: 東証2部株価指数 | B4: /indices/I104
A5: 東証マザーズ指数 | B5: /indices/I105
A6: TOPIX コア 30 | B6: /indices/I111
A7: TOPIX ラージ 70 | B7: /indices/I112
A8: TOPIX 100 | B8: /indices/I113
A9: TOPIX ミッド 400 | B9: /indices/I114
A10: TOPIX 500 | B10: /indices/I115
A11: TOPIX スモール | B11: /indices/I116
A12: TOPIX 1000 | B12: /indices/I117
... A92: 日経ジャスダック平均株価 | B92: /indices/I306
